,period,price,volume,ratio
0,2016-01-01,23400.0,136222.0,0.34356
1,2016-01-02,23400.0,136222.0,0.19325
2,2016-01-04,22700.0,127419.0,0.51535
3,2016-01-05,23550.0,152951.0,0.62271
4,2016-01-06,24900.0,298347.0,0.7945
5,2016-01-07,24350.0,322536.0,0.62271
6,2016-01-08,24050.0,134869.0,0.40798
7,2016-01-09,24050.0,134869.0,0.17178
8,2016-01-10,24050.0,134869.0,0.19325
9,2016-01-11,23250.0,168595.0,0.83744
10,2016-01-12,22900.0,125931.0,0.7086100000000001
11,2016-01-13,23100.0,121292.0,0.49388000000000004
12,2016-01-14,22450.0,151472.0,0.2362
13,2016-01-15,22100.0,244280.0,0.40798
14,2016-01-16,22100.0,244280.0,0.12883
15,2016-01-17,22100.0,244280.0,0.32209
16,2016-01-18,22000.0,142749.0,0.62271
17,2016-01-19,21900.0,109066.0,0.42946000000000006
18,2016-01-20,21200.0,166322.0,0.2362
19,2016-01-21,21300.0,108822.0,0.30062
20,2016-01-22,22000.0,100861.0,0.45093
21,2016-01-23,22000.0,100861.0,0.32209
22,2016-01-24,22000.0,100861.0,0.2362
23,2016-01-25,22650.0,201768.0,0.9877600000000001
24,2016-01-26,23000.0,109694.0,0.42946000000000006
25,2016-01-27,22850.0,118854.0,0.66566
26,2016-01-28,23000.0,107736.0,0.7086100000000001
27,2016-01-29,23650.0,140606.0,0.51535
28,2016-01-30,23650.0,140606.0,0.15031
29,2016-01-31,23650.0,140606.0,0.19325
30,2016-02-01,23650.0,115216.0,0.42946000000000006
31,2016-02-02,23800.0,98645.0,0.42946000000000006
32,2016-02-03,24200.0,156169.0,0.38650999999999996
33,2016-02-04,23950.0,92914.0,0.38650999999999996
34,2016-02-05,23750.0,54601.0,0.36504000000000003
35,2016-02-06,23750.0,54601.0,0.12883
36,2016-02-07,23750.0,54601.0,0.15031
37,2016-02-09,23750.0,54601.0,0.2362
38,2016-02-10,23750.0,54601.0,0.30062
39,2016-02-11,23300.0,146618.0,0.7300800000000001
40,2016-02-12,21500.0,297918.0,0.51535
41,2016-02-13,21500.0,297918.0,0.30062
42,2016-02-14,21500.0,297918.0,0.51535
43,2016-02-15,21700.0,155419.0,0.81597
44,2016-02-16,22900.0,161392.0,0.62271
45,2016-02-17,21600.0,245170.0,0.57977
46,2016-02-18,22200.0,182355.0,0.36504000000000003
47,2016-02-19,22400.0,93501.0,0.32209
48,2016-02-20,22400.0,93501.0,0.27914
49,2016-02-21,22400.0,93501.0,0.32209
50,2016-02-22,24100.0,281249.0,0.4724
51,2016-02-23,24100.0,443598.0,0.7730199999999999
52,2016-02-24,24400.0,162653.0,0.60124
53,2016-02-25,26250.0,727268.0,0.83744
54,2016-02-26,26000.0,297139.0,0.51535
55,2016-02-27,26000.0,297139.0,0.21473000000000003
56,2016-02-28,26000.0,297139.0,0.2362
57,2016-02-29,26450.0,315981.0,0.38650999999999996
58,2016-03-01,26450.0,315981.0,0.42946000000000006
59,2016-03-02,26650.0,210444.0,0.30062
60,2016-03-03,26200.0,238136.0,0.53682
61,2016-03-04,25850.0,157691.0,0.4724
62,2016-03-05,25850.0,157691.0,0.15031
63,2016-03-06,25850.0,157691.0,0.12883
64,2016-03-07,26750.0,227597.0,0.21473000000000003
65,2016-03-10,26100.0,122169.0,0.38650999999999996
66,2016-03-11,26300.0,95594.0,0.53682
67,2016-03-12,26300.0,95594.0,0.32209
68,2016-03-13,26300.0,95594.0,0.60124
69,2016-03-14,25600.0,137092.0,0.36504000000000003
70,2016-03-15,26850.0,302754.0,0.62271
71,2016-03-16,28400.0,723476.0,0.55829
72,2016-03-17,28200.0,247452.0,0.32209
73,2016-03-18,28200.0,200614.0,0.10736
74,2016-03-19,28200.0,200614.0,0.27914
75,2016-03-20,28200.0,200614.0,0.19325
76,2016-03-21,28200.0,229761.0,0.36504000000000003
77,2016-03-22,28800.0,198848.0,0.30062
78,2016-03-23,28550.0,150367.0,0.32209
79,2016-03-25,29250.0,217907.0,1.0307
80,2016-03-26,29250.0,217907.0,0.34356
81,2016-03-27,29250.0,217907.0,0.34356
82,2016-03-28,28350.0,275822.0,0.51535
83,2016-03-29,29050.0,187476.0,0.36504000000000003
84,2016-03-30,29050.0,125864.0,0.30062
85,2016-03-31,29500.0,176270.0,0.25766999999999995
86,2016-04-01,29000.0,166239.0,0.19325
87,2016-04-02,29000.0,166239.0,0.21473000000000003
88,2016-04-04,28850.0,119145.0,0.49388000000000004
89,2016-04-05,28500.0,127142.0,0.32209
90,2016-04-06,30500.0,417406.0,0.27914
91,2016-04-07,29900.0,185172.0,0.38650999999999996
92,2016-04-08,29900.0,132753.0,0.19325
93,2016-04-09,29900.0,132753.0,0.12883
94,2016-04-10,29900.0,132753.0,0.25766999999999995
95,2016-04-11,30400.0,199139.0,0.34356
96,2016-04-12,30850.0,226733.0,0.15031
97,2016-04-13,30850.0,226733.0,0.21473000000000003
98,2016-04-14,30100.0,178895.0,0.2362
99,2016-04-15,30350.0,184483.0,0.60124
100,2016-04-16,30350.0,184483.0,0.15031
101,2016-04-17,30350.0,184483.0,0.10736
102,2016-04-18,31350.0,407458.0,0.42946000000000006
103,2016-04-19,30850.0,158829.0,0.4724
104,2016-04-20,31200.0,193199.0,0.49388000000000004
105,2016-04-21,31250.0,124062.0,0.51535
106,2016-04-22,31600.0,181683.0,0.36504000000000003
107,2016-04-23,31600.0,181683.0,0.30062
108,2016-04-24,31600.0,181683.0,0.27914
109,2016-04-25,32700.0,294537.0,0.75155
110,2016-04-26,34050.0,550083.0,0.40798
111,2016-04-27,33650.0,864107.0,0.57977
112,2016-04-28,32600.0,519309.0,0.40798
113,2016-04-29,32650.0,309935.0,0.55829
114,2016-04-30,32650.0,309935.0,0.2362
115,2016-05-01,32650.0,309935.0,0.19325
116,2016-05-02,31700.0,245144.0,0.32209
117,2016-05-03,32400.0,205513.0,0.4724
118,2016-05-04,32100.0,262137.0,0.40798
119,2016-05-05,32100.0,262137.0,0.10736
120,2016-05-06,32100.0,262137.0,0.21473000000000003
121,2016-05-07,32100.0,262137.0,0.15031
122,2016-05-08,32100.0,262137.0,0.32209
123,2016-05-09,33600.0,377425.0,0.40798
124,2016-05-10,33550.0,395981.0,0.49388000000000004
125,2016-05-11,34800.0,328668.0,0.51535
126,2016-05-12,35500.0,303806.0,0.27914
127,2016-05-13,35700.0,245363.0,0.42946000000000006
128,2016-05-14,35700.0,245363.0,0.15031
129,2016-05-15,35700.0,245363.0,0.32209
130,2016-05-16,36200.0,176580.0,0.60124
131,2016-05-17,36200.0,225489.0,0.51535
132,2016-05-18,34750.0,288353.0,0.36504000000000003
133,2016-05-19,35000.0,281456.0,0.34356
134,2016-05-20,35050.0,141506.0,0.36504000000000003
135,2016-05-22,35050.0,141506.0,0.2362
136,2016-05-23,34000.0,215400.0,0.40798
137,2016-05-24,35400.0,237409.0,0.19325
138,2016-05-25,35150.0,228217.0,0.62271
139,2016-05-27,34500.0,163842.0,0.42946000000000006
140,2016-05-28,34500.0,163842.0,0.10736
141,2016-05-29,34500.0,163842.0,0.10736
142,2016-05-30,34000.0,215650.0,0.60124
143,2016-05-31,35750.0,195269.0,0.45093
144,2016-06-01,36100.0,198266.0,0.45093
145,2016-06-02,37450.0,312448.0,0.32209
146,2016-06-03,37750.0,225993.0,0.32209
147,2016-06-04,37750.0,225993.0,0.12883
148,2016-06-05,37750.0,225993.0,0.15031
149,2016-06-06,37750.0,225993.0,0.10736
150,2016-06-07,37550.0,199530.0,0.12883
151,2016-06-08,37150.0,203944.0,0.2362
152,2016-06-09,38000.0,155564.0,0.21473000000000003
153,2016-06-10,36200.0,253126.0,0.45093
154,2016-06-11,36200.0,253126.0,0.25766999999999995
155,2016-06-12,36200.0,253126.0,0.15031
156,2016-06-13,36350.0,136547.0,0.49388000000000004
157,2016-06-14,35200.0,185580.0,0.49388000000000004
158,2016-06-15,36500.0,183072.0,0.53682
159,2016-06-16,35850.0,176069.0,0.38650999999999996
160,2016-06-17,35250.0,140403.0,0.4724
161,2016-06-18,35250.0,140403.0,0.12883
162,2016-06-19,35250.0,140403.0,0.15031
163,2016-06-20,36050.0,91252.0,0.30062
164,2016-06-21,36800.0,169690.0,0.40798
165,2016-06-22,36050.0,178300.0,0.30062
166,2016-06-23,35450.0,143730.0,0.34356
167,2016-06-24,33600.0,352926.0,0.32209
168,2016-06-27,35250.0,233729.0,0.7945
169,2016-06-28,35300.0,128682.0,0.34356
170,2016-06-29,36000.0,122212.0,0.32209
171,2016-06-30,35100.0,159083.0,0.2362
172,2016-07-01,36250.0,178714.0,0.19325
173,2016-07-02,36250.0,178714.0,0.19325
174,2016-07-03,36250.0,178714.0,0.19325
175,2016-07-04,36950.0,196529.0,0.2362
176,2016-07-05,37500.0,158559.0,0.36504000000000003
177,2016-07-06,36900.0,129069.0,0.12883
178,2016-07-07,37750.0,97024.0,0.40798
179,2016-07-09,35900.0,281781.0,0.10736
180,2016-07-10,35900.0,281781.0,0.19325
181,2016-07-11,34500.0,501063.0,0.7086100000000001
182,2016-07-12,34400.0,211182.0,0.27914
183,2016-07-13,33550.0,225192.0,0.53682
184,2016-07-14,34250.0,146502.0,0.38650999999999996
185,2016-07-15,33450.0,173728.0,0.51535
186,2016-07-16,33450.0,173728.0,0.12883
187,2016-07-18,36350.0,484692.0,0.21473000000000003
188,2016-07-19,35700.0,193805.0,0.32209
189,2016-07-20,35450.0,87667.0,0.45093
190,2016-07-21,34850.0,135449.0,0.40798
191,2016-07-22,35050.0,90222.0,0.15031
192,2016-07-23,35050.0,90222.0,0.10736
193,2016-07-25,35000.0,117352.0,0.51535
194,2016-07-26,35350.0,143352.0,0.32209
195,2016-07-27,32550.0,475396.0,0.10736
196,2016-07-28,32300.0,350975.0,0.10736
197,2016-07-30,32200.0,159376.0,0.2362
198,2016-07-31,32200.0,159376.0,0.2362
199,2016-08-01,30700.0,378750.0,0.30062
200,2016-08-03,31750.0,169159.0,0.38650999999999996
201,2016-08-04,30950.0,134958.0,0.19325
202,2016-08-05,29250.0,480172.0,0.25766999999999995
203,2016-08-06,29250.0,480172.0,0.10736
204,2016-08-07,29250.0,480172.0,0.15031
205,2016-08-08,29450.0,283973.0,0.25766999999999995
206,2016-08-09,27850.0,489233.0,0.32209
207,2016-08-10,28050.0,241371.0,0.34356
208,2016-08-11,27000.0,309378.0,0.12883
209,2016-08-12,27750.0,234756.0,0.12883
210,2016-08-14,27750.0,234756.0,0.10736
211,2016-08-16,26400.0,505422.0,0.40798
212,2016-08-17,25650.0,258346.0,0.30062
213,2016-08-19,24350.0,353260.0,0.12883
214,2016-08-20,24350.0,353260.0,0.53682
215,2016-08-21,24350.0,353260.0,0.10736
216,2016-08-22,24400.0,164985.0,0.25766999999999995
217,2016-08-23,25900.0,472955.0,0.57977
218,2016-08-24,24750.0,385940.0,0.27914
219,2016-08-25,24700.0,139555.0,0.88039
220,2016-08-26,25500.0,292160.0,0.40798
221,2016-08-27,25500.0,292160.0,0.27914
222,2016-08-28,25500.0,292160.0,0.2362
223,2016-08-29,24550.0,257505.0,0.51535
224,2016-08-30,24700.0,166611.0,0.32209
225,2016-08-31,24050.0,272729.0,0.45093
226,2016-09-02,26000.0,580982.0,0.30062
227,2016-09-03,26000.0,580982.0,0.15031
228,2016-09-05,25700.0,479368.0,0.34356
229,2016-09-06,25200.0,157984.0,0.51535
230,2016-09-07,24350.0,214022.0,0.42946000000000006
231,2016-09-08,24500.0,245877.0,0.2362
232,2016-09-09,23800.0,283098.0,0.21473000000000003
233,2016-09-11,23800.0,283098.0,0.27914
234,2016-09-12,23650.0,126310.0,0.4724
235,2016-09-17,23300.0,152226.0,0.17178
236,2016-09-18,23300.0,152226.0,0.10736
237,2016-09-19,23400.0,142367.0,0.68713
238,2016-09-20,23650.0,103217.0,0.19325
239,2016-09-21,23600.0,84908.0,0.27914
240,2016-09-22,24200.0,159001.0,0.38650999999999996
241,2016-09-23,25100.0,214761.0,0.34356
242,2016-09-25,25100.0,214761.0,0.25766999999999995
243,2016-09-26,24850.0,150407.0,1.0307
244,2016-09-27,25300.0,146053.0,0.53682
245,2016-09-28,24900.0,132449.0,0.36504000000000003
246,2016-09-29,24500.0,129873.0,0.36504000000000003
247,2016-09-30,23900.0,179873.0,1.11659
248,2016-10-02,23900.0,179873.0,0.21473000000000003
249,2016-10-03,23900.0,179873.0,0.21473000000000003
250,2016-10-04,24800.0,189314.0,0.53682
251,2016-10-05,24600.0,94364.0,1.0307
252,2016-10-06,24050.0,135791.0,0.30062
253,2016-10-07,23300.0,154170.0,0.38650999999999996
254,2016-10-08,23300.0,154170.0,0.2362
255,2016-10-10,23750.0,106013.0,0.81597
256,2016-10-11,23950.0,82700.0,0.36504000000000003
257,2016-10-12,24250.0,113079.0,0.45093
258,2016-10-13,23550.0,86640.0,0.36504000000000003
259,2016-10-14,22750.0,191536.0,0.34356
260,2016-10-17,22100.0,173780.0,0.68713
261,2016-10-18,22100.0,95135.0,0.19325
262,2016-10-19,22100.0,90360.0,0.45093
263,2016-10-20,22100.0,85269.0,0.68713
264,2016-10-21,21650.0,114372.0,0.4724
265,2016-10-22,21650.0,114372.0,0.17178
266,2016-10-23,21650.0,114372.0,0.19325
267,2016-10-24,21750.0,82216.0,0.45093
268,2016-10-25,20600.0,262250.0,1.24543
269,2016-10-26,21100.0,157344.0,0.36504000000000003
270,2016-10-27,21450.0,91734.0,0.32209
271,2016-10-28,22000.0,77864.0,0.12883
272,2016-10-30,22000.0,77864.0,0.21473000000000003
273,2016-10-31,20950.0,113942.0,0.40798
274,2016-11-01,21200.0,76585.0,0.51535
275,2016-11-02,21400.0,135358.0,0.36504000000000003
276,2016-11-03,22000.0,141225.0,0.45093
277,2016-11-04,22150.0,56054.0,0.17178
278,2016-11-05,22150.0,56054.0,0.15031
279,2016-11-07,21000.0,197716.0,0.36504000000000003
280,2016-11-08,21450.0,129280.0,0.7945
281,2016-11-09,20650.0,271439.0,0.7300800000000001
282,2016-11-10,21600.0,103243.0,0.53682
283,2016-11-11,21500.0,85862.0,0.51535
284,2016-11-12,21500.0,85862.0,0.21473000000000003
285,2016-11-13,21500.0,85862.0,0.12883
286,2016-11-14,21600.0,65290.0,0.2362
287,2016-11-15,21600.0,73177.0,0.62271
288,2016-11-16,22100.0,91672.0,0.36504000000000003
289,2016-11-17,22150.0,57625.0,0.42946000000000006
290,2016-11-18,21750.0,83871.0,0.25766999999999995
291,2016-11-19,21750.0,83871.0,0.10736
292,2016-11-20,21750.0,83871.0,0.30062
293,2016-11-21,20500.0,130870.0,0.55829
294,2016-11-22,20950.0,116045.0,0.45093
295,2016-11-23,20200.0,114437.0,0.42946000000000006
296,2016-11-24,19550.0,132372.0,0.4724
297,2016-11-25,20000.0,72414.0,1.24543
298,2016-11-27,20000.0,72414.0,0.12883
299,2016-11-28,20250.0,45926.0,0.62271
300,2016-11-29,20900.0,72205.0,0.30062
301,2016-11-30,20900.0,91353.0,1.2883799999999999
302,2016-12-01,20200.0,66528.0,0.36504000000000003
303,2016-12-02,19550.0,125389.0,0.21473000000000003
304,2016-12-03,19550.0,125389.0,0.15031
305,2016-12-04,19550.0,125389.0,0.10736
306,2016-12-05,19550.0,85676.0,0.51535
307,2016-12-06,19400.0,101063.0,0.6441899999999999
308,2016-12-07,18900.0,114277.0,0.27914
309,2016-12-08,19250.0,79690.0,0.34356
310,2016-12-09,19950.0,125492.0,0.12883
311,2016-12-10,19950.0,125492.0,0.30062
312,2016-12-11,19950.0,125492.0,0.10736
313,2016-12-12,20100.0,97367.0,1.09512
314,2016-12-13,20300.0,127430.0,0.34356
315,2016-12-14,20750.0,197370.0,0.10736
316,2016-12-15,21350.0,91017.0,0.7300800000000001
317,2016-12-16,21550.0,125978.0,0.51535
318,2016-12-17,21550.0,125978.0,0.21473000000000003
319,2016-12-18,21550.0,125978.0,0.15031
320,2016-12-19,21550.0,64345.0,0.36504000000000003
321,2016-12-20,21450.0,56238.0,0.62271
322,2016-12-21,21500.0,83696.0,0.53682
323,2016-12-22,21450.0,58858.0,0.32209
324,2016-12-23,22350.0,115977.0,0.30062
325,2016-12-24,22350.0,115977.0,0.30062
326,2016-12-25,22350.0,115977.0,0.12883
327,2016-12-26,22700.0,189908.0,1.6748900000000002
328,2016-12-27,23250.0,223096.0,0.6441899999999999
329,2016-12-28,21300.0,101002.0,0.27914
330,2016-12-29,20700.0,87125.0,0.7945
331,2016-12-30,20700.0,87125.0,0.45093
332,2016-12-31,20700.0,87125.0,0.10736
333,2017-01-01,20700.0,87125.0,0.12883
334,2017-01-02,19800.0,98352.0,0.60124
335,2017-01-03,20500.0,112083.0,0.38650999999999996
336,2017-01-04,20050.0,62967.0,0.36504000000000003
337,2017-01-05,20300.0,55568.0,0.49388000000000004
338,2017-01-06,20050.0,49083.0,0.49388000000000004
339,2017-01-07,20050.0,49083.0,0.27914
340,2017-01-08,20050.0,49083.0,0.2362
341,2017-01-09,19450.0,125727.0,0.19325
342,2017-01-10,19100.0,77567.0,0.60124
343,2017-01-11,19400.0,110361.0,0.40798
344,2017-01-12,19500.0,43063.0,0.17178
345,2017-01-13,19550.0,84800.0,0.30062
346,2017-01-15,19550.0,84800.0,0.21473000000000003
347,2017-01-16,19800.0,56940.0,0.94481
348,2017-01-17,19600.0,52479.0,0.4724
349,2017-01-18,19800.0,43452.0,0.32209
350,2017-01-19,19300.0,67514.0,0.51535
351,2017-01-20,19400.0,38728.0,0.51535
352,2017-01-21,19400.0,38728.0,0.32209
353,2017-01-22,19400.0,38728.0,0.40798
354,2017-01-23,18850.0,86062.0,0.40798
355,2017-01-24,19250.0,64280.0,0.55829
356,2017-01-25,18800.0,57023.0,1.6748900000000002
357,2017-01-26,18400.0,99028.0,0.40798
358,2017-01-27,18400.0,99028.0,0.15031
359,2017-01-29,18400.0,99028.0,0.15031
360,2017-01-30,18400.0,99028.0,0.36504000000000003
361,2017-01-31,18650.0,45603.0,1.05217
362,2017-02-01,18600.0,41020.0,0.62271
363,2017-02-02,18350.0,48956.0,0.49388000000000004
364,2017-02-03,18300.0,49470.0,0.7086100000000001
365,2017-02-05,18300.0,49470.0,0.19325
366,2017-02-06,18600.0,26492.0,0.57977
367,2017-02-07,18750.0,48863.0,0.51535
368,2017-02-08,18550.0,38698.0,0.30062
369,2017-02-09,18550.0,29591.0,0.53682
370,2017-02-10,18550.0,38813.0,0.7086100000000001
371,2017-02-13,19200.0,87592.0,0.55829
372,2017-02-14,19550.0,88478.0,0.36504000000000003
373,2017-02-15,20150.0,203113.0,0.62271
374,2017-02-16,19900.0,79318.0,0.42946000000000006
375,2017-02-17,21700.0,515808.0,0.34356
376,2017-02-18,21700.0,515808.0,0.15031
377,2017-02-19,21700.0,515808.0,0.15031
378,2017-02-20,22250.0,324190.0,0.15031
379,2017-02-21,21950.0,144401.0,0.53682
380,2017-02-22,22100.0,124340.0,0.66566
381,2017-02-23,22150.0,128871.0,0.34356
382,2017-02-24,22500.0,196456.0,0.38650999999999996
383,2017-02-25,22500.0,196456.0,0.25766999999999995
384,2017-02-26,22500.0,196456.0,0.21473000000000003
385,2017-02-27,22650.0,143175.0,1.6534200000000001
386,2017-02-28,22100.0,73166.0,0.36504000000000003
387,2017-03-01,22100.0,73166.0,0.25766999999999995
388,2017-03-02,21600.0,166589.0,0.34356
389,2017-03-03,20400.0,268618.0,0.8589200000000001
390,2017-03-04,20400.0,268618.0,0.17178
391,2017-03-05,20400.0,268618.0,0.10736
392,2017-03-06,20300.0,162282.0,0.42946000000000006
393,2017-03-07,20200.0,85775.0,0.32209
394,2017-03-08,20050.0,68778.0,0.36504000000000003
395,2017-03-09,20250.0,142019.0,0.49388000000000004
396,2017-03-10,20500.0,136581.0,0.75155
397,2017-03-11,20500.0,136581.0,0.38650999999999996
398,2017-03-13,21650.0,252673.0,0.6441899999999999
399,2017-03-14,20950.0,133915.0,0.25766999999999995
400,2017-03-15,20550.0,69233.0,0.6441899999999999
401,2017-03-16,21100.0,82555.0,0.57977
402,2017-03-17,21900.0,189756.0,0.38650999999999996
403,2017-03-18,21900.0,189756.0,0.12883
404,2017-03-19,21900.0,189756.0,0.19325
405,2017-03-20,21900.0,82515.0,0.53682
406,2017-03-21,21300.0,116082.0,0.34356
407,2017-03-22,21650.0,124462.0,0.15031
408,2017-03-23,21700.0,61089.0,0.2362
409,2017-03-24,23800.0,950508.0,0.32209
410,2017-03-27,24100.0,340699.0,1.43869
411,2017-03-28,25300.0,451655.0,0.25766999999999995
412,2017-03-29,25100.0,255090.0,0.2362
413,2017-03-30,24850.0,175294.0,0.75155
414,2017-03-31,24600.0,156625.0,0.4724
415,2017-04-03,25150.0,191739.0,0.27914
416,2017-04-04,24200.0,195639.0,0.4724
417,2017-04-05,24850.0,319799.0,0.57977
418,2017-04-06,24350.0,134385.0,0.27914
419,2017-04-07,24750.0,131057.0,0.19325
420,2017-04-08,24750.0,131057.0,0.38650999999999996
421,2017-04-09,24750.0,131057.0,0.10736
422,2017-04-10,23550.0,133215.0,0.6441899999999999
423,2017-04-11,24150.0,95734.0,0.6441899999999999
424,2017-04-12,24050.0,61082.0,0.34356
425,2017-04-13,24400.0,121650.0,0.12883
426,2017-04-14,24600.0,173215.0,0.36504000000000003
427,2017-04-16,24600.0,173215.0,0.12883
428,2017-04-17,24750.0,273967.0,1.0307
429,2017-04-18,24100.0,216184.0,0.42946000000000006
430,2017-04-19,26200.0,801837.0,0.10736
431,2017-04-21,28300.0,787627.0,0.32209
432,2017-04-23,28300.0,787627.0,0.15031
433,2017-04-24,29050.0,1530506.0,0.45093
434,2017-04-25,29050.0,707066.0,1.61047
435,2017-04-26,29100.0,544549.0,0.38650999999999996
436,2017-04-27,29150.0,364331.0,0.7945
437,2017-04-28,29250.0,216325.0,0.2362
438,2017-04-30,29250.0,216325.0,0.15031
439,2017-05-01,29250.0,216325.0,0.19325
440,2017-05-02,29150.0,168099.0,0.6441899999999999
441,2017-05-04,29350.0,221934.0,0.38650999999999996
442,2017-05-06,29350.0,221934.0,0.12883
443,2017-05-07,29350.0,221934.0,0.10736
444,2017-05-08,29350.0,217032.0,0.49388000000000004
445,2017-05-09,29350.0,217032.0,0.25766999999999995
446,2017-05-10,29200.0,268496.0,0.51535
447,2017-05-11,29300.0,154557.0,0.42946000000000006
448,2017-05-12,29200.0,262315.0,0.2362
449,2017-05-15,29200.0,141190.0,0.36504000000000003
450,2017-05-16,29250.0,310410.0,0.45093
451,2017-05-17,29250.0,336417.0,0.21473000000000003
452,2017-05-18,29350.0,443682.0,0.53682
453,2017-05-19,29200.0,197526.0,0.27914
454,2017-05-22,29100.0,111414.0,0.34356
455,2017-05-23,28100.0,163181.0,0.45093
456,2017-05-24,28150.0,87833.0,0.17178
457,2017-05-25,27650.0,134349.0,1.37427
458,2017-05-26,27000.0,137985.0,0.34356
459,2017-05-27,27000.0,137985.0,0.12883
460,2017-05-28,27000.0,137985.0,0.2362
461,2017-05-29,26400.0,139076.0,0.42946000000000006
462,2017-05-30,26450.0,70515.0,0.62271
463,2017-05-31,26550.0,125170.0,0.32209
464,2017-06-01,26250.0,67998.0,0.42946000000000006
465,2017-06-05,26050.0,96139.0,0.36504000000000003
466,2017-06-06,26050.0,96139.0,0.15031
467,2017-06-07,26200.0,64235.0,0.2362
468,2017-06-08,26600.0,129934.0,0.21473000000000003
469,2017-06-09,26050.0,105542.0,0.10736
470,2017-06-10,26050.0,105542.0,0.19325
471,2017-06-12,25900.0,106311.0,0.2362
472,2017-06-14,25600.0,48913.0,0.12883
473,2017-06-15,25700.0,61806.0,0.62271
474,2017-06-16,27400.0,217028.0,0.19325
475,2017-06-17,27400.0,217028.0,0.15031
476,2017-06-19,26350.0,111894.0,0.12883
477,2017-06-20,25750.0,96963.0,0.34356
478,2017-06-21,25600.0,42836.0,0.36504000000000003
479,2017-06-22,25450.0,43966.0,0.10736
480,2017-06-23,26550.0,102149.0,0.19325
481,2017-06-24,26550.0,102149.0,0.19325
482,2017-06-25,26550.0,102149.0,0.12883
483,2017-06-26,25900.0,42207.0,1.4172200000000001
484,2017-06-27,26000.0,52246.0,0.49388000000000004
485,2017-06-28,26300.0,37627.0,0.30062
486,2017-06-29,26300.0,48334.0,0.4724
487,2017-06-30,25800.0,44548.0,0.25766999999999995
488,2017-07-02,25800.0,44548.0,0.15031
489,2017-07-03,26200.0,55199.0,0.30062
490,2017-07-04,25950.0,36919.0,0.57977
491,2017-07-05,25550.0,40329.0,0.12883
492,2017-07-06,25700.0,55990.0,0.17178
493,2017-07-09,25850.0,52778.0,0.12883
494,2017-07-10,25250.0,48020.0,0.6441899999999999
495,2017-07-11,25000.0,66625.0,0.38650999999999996
496,2017-07-12,24650.0,71456.0,0.12883
497,2017-07-13,23700.0,149821.0,0.53682
498,2017-07-14,23350.0,78773.0,0.62271
499,2017-07-15,23350.0,78773.0,0.32209
500,2017-07-16,23350.0,78773.0,0.34356
501,2017-07-17,23250.0,75445.0,1.0092299999999998
502,2017-07-18,23300.0,80509.0,0.53682
503,2017-07-19,24500.0,95238.0,0.49388000000000004
504,2017-07-20,23900.0,72796.0,0.4724
505,2017-07-21,23500.0,43360.0,0.45093
506,2017-07-22,23500.0,43360.0,0.34356
507,2017-07-23,23500.0,43360.0,0.12883
508,2017-07-24,23400.0,41593.0,0.42946000000000006
509,2017-07-25,23450.0,28141.0,1.73931
510,2017-07-26,23700.0,50776.0,0.45093
511,2017-07-27,23800.0,23434.0,0.42946000000000006
512,2017-07-28,23650.0,46286.0,0.60124
513,2017-07-29,23650.0,46286.0,0.15031
514,2017-07-30,23650.0,46286.0,0.10736
515,2017-07-31,22550.0,80571.0,0.7945
516,2017-08-01,22750.0,42426.0,0.53682
517,2017-08-02,22650.0,46162.0,0.27914
518,2017-08-03,21900.0,62403.0,0.55829
519,2017-08-04,21950.0,49028.0,0.12883
520,2017-08-06,21950.0,49028.0,0.12883
521,2017-08-07,22100.0,29948.0,0.4724
522,2017-08-08,21900.0,50814.0,0.32209
523,2017-08-09,22600.0,56567.0,0.10736
524,2017-08-10,22650.0,33948.0,0.90186
525,2017-08-11,22200.0,32372.0,0.19325
526,2017-08-13,22200.0,32372.0,0.21473000000000003
527,2017-08-14,22550.0,43369.0,0.30062
528,2017-08-15,22550.0,43369.0,0.21473000000000003
529,2017-08-16,22250.0,62263.0,0.55829
530,2017-08-17,21900.0,66662.0,0.38650999999999996
531,2017-08-18,21850.0,41316.0,0.45093
532,2017-08-19,21850.0,41316.0,0.15031
533,2017-08-20,21850.0,41316.0,0.15031
534,2017-08-21,22000.0,31282.0,0.49388000000000004
535,2017-08-22,21700.0,35631.0,0.55829
536,2017-08-23,21750.0,26718.0,0.38650999999999996
537,2017-08-24,22100.0,47647.0,0.21473000000000003
538,2017-08-25,22200.0,18564.0,1.39574
539,2017-08-26,22200.0,18564.0,0.2362
540,2017-08-28,22450.0,21808.0,0.27914
541,2017-08-29,22100.0,32800.0,0.32209
542,2017-08-30,21650.0,65407.0,0.7300800000000001
543,2017-08-31,21750.0,38489.0,0.19325
544,2017-09-01,21350.0,47130.0,0.36504000000000003
545,2017-09-02,21350.0,47130.0,0.19325
546,2017-09-03,21350.0,47130.0,0.17178
547,2017-09-04,20900.0,50101.0,0.60124
548,2017-09-05,20500.0,54619.0,0.42946000000000006
549,2017-09-06,20250.0,46305.0,0.40798
550,2017-09-07,17800.0,570441.0,0.42946000000000006
551,2017-09-08,16650.0,300872.0,0.27914
552,2017-09-09,16650.0,300872.0,0.15031
553,2017-09-10,16650.0,300872.0,0.51535
554,2017-09-11,16350.0,161114.0,0.7945
555,2017-09-12,16700.0,191122.0,0.55829
556,2017-09-13,16150.0,131045.0,0.66566
557,2017-09-14,16350.0,144725.0,0.32209
558,2017-09-15,15500.0,169756.0,0.94481
559,2017-09-16,15500.0,169756.0,0.17178
560,2017-09-17,15500.0,169756.0,0.2362
561,2017-09-18,15500.0,137881.0,0.21473000000000003
562,2017-09-19,15600.0,95223.0,0.21473000000000003
563,2017-09-20,15600.0,114803.0,0.53682
564,2017-09-21,15250.0,207910.0,0.45093
565,2017-09-22,14950.0,87168.0,0.36504000000000003
566,2017-09-23,14950.0,87168.0,0.10736
567,2017-09-24,14950.0,87168.0,0.12883
568,2017-09-25,14350.0,127235.0,1.50311
569,2017-09-26,14850.0,166296.0,0.49388000000000004
570,2017-09-27,15300.0,223481.0,0.30062
571,2017-09-28,15150.0,210531.0,0.68713
572,2017-09-29,15900.0,277031.0,0.25766999999999995
573,2017-10-03,15900.0,277031.0,0.10736
574,2017-10-04,15900.0,277031.0,0.10736
575,2017-10-05,15900.0,277031.0,0.10736
576,2017-10-06,15900.0,277031.0,0.30062
577,2017-10-07,15900.0,277031.0,0.36504000000000003
578,2017-10-08,15900.0,277031.0,0.19325
579,2017-10-09,15900.0,277031.0,0.32209
580,2017-10-10,15000.0,170141.0,0.66566
581,2017-10-11,15050.0,93770.0,0.7945
582,2017-10-12,15950.0,279600.0,0.49388000000000004
583,2017-10-13,16100.0,170366.0,0.30062
584,2017-10-14,16100.0,170366.0,0.12883
585,2017-10-15,16100.0,170366.0,0.21473000000000003
586,2017-10-16,18000.0,848275.0,0.75155
587,2017-10-17,17300.0,262699.0,0.25766999999999995
588,2017-10-18,16850.0,165896.0,0.51535
589,2017-10-19,16600.0,141880.0,0.42946000000000006
590,2017-10-20,17200.0,126272.0,0.45093
591,2017-10-21,17200.0,126272.0,0.21473000000000003
592,2017-10-22,17200.0,126272.0,0.19325
593,2017-10-23,16700.0,88246.0,0.40798
594,2017-10-24,16950.0,75442.0,0.34356
595,2017-10-25,17200.0,232750.0,1.4601600000000001
596,2017-10-26,18800.0,422364.0,0.53682
597,2017-10-27,18600.0,311216.0,0.45093
598,2017-10-28,18600.0,311216.0,0.27914
599,2017-10-29,18600.0,311216.0,0.25766999999999995
600,2017-10-30,20500.0,533598.0,0.7086100000000001
601,2017-10-31,20250.0,390353.0,0.55829
602,2017-11-01,19550.0,285420.0,0.51535
603,2017-11-02,19500.0,153456.0,0.7945
604,2017-11-03,19950.0,107093.0,0.55829
605,2017-11-04,19950.0,107093.0,0.4724
606,2017-11-05,19950.0,107093.0,0.10736
607,2017-11-06,20050.0,224907.0,0.34356
608,2017-11-07,20800.0,171808.0,0.55829
609,2017-11-08,20450.0,160253.0,0.62271
610,2017-11-09,20000.0,163012.0,0.34356
611,2017-11-10,19700.0,79517.0,0.6441899999999999
612,2017-11-11,19700.0,79517.0,0.15031
613,2017-11-12,19700.0,79517.0,0.25766999999999995
614,2017-11-13,19800.0,302490.0,0.81597
615,2017-11-14,19850.0,115880.0,0.55829
616,2017-11-15,19650.0,119159.0,0.7730199999999999
617,2017-11-16,19950.0,168377.0,0.57977
618,2017-11-17,19750.0,98811.0,0.4724
619,2017-11-18,19750.0,98811.0,0.15031
620,2017-11-19,19750.0,98811.0,0.51535
621,2017-11-20,20300.0,202887.0,0.68713
622,2017-11-21,19650.0,144668.0,0.75155
623,2017-11-22,19150.0,123562.0,0.83744
624,2017-11-23,19700.0,188801.0,0.55829
625,2017-11-24,19900.0,71145.0,0.55829
626,2017-11-25,19900.0,71145.0,0.36504000000000003
627,2017-11-26,19900.0,71145.0,0.32209
628,2017-11-27,19600.0,78669.0,0.9662799999999999
629,2017-11-28,20100.0,163421.0,1.2883799999999999
630,2017-11-29,22300.0,925558.0,0.88039
631,2017-11-30,22400.0,601178.0,1.33132
632,2017-12-01,22400.0,283948.0,2.53382
633,2017-12-02,22400.0,283948.0,0.51535
634,2017-12-03,22400.0,283948.0,0.53682
635,2017-12-04,23200.0,401654.0,2.10435
636,2017-12-05,22450.0,263928.0,1.73931
637,2017-12-06,21650.0,295076.0,1.8037299999999998
638,2017-12-07,22000.0,236583.0,2.34056
639,2017-12-08,20450.0,333953.0,1.50311
640,2017-12-09,20450.0,333953.0,0.81597
641,2017-12-10,20450.0,333953.0,0.66566
642,2017-12-11,20350.0,219930.0,2.2761400000000003
643,2017-12-12,19050.0,281480.0,1.9540400000000002
644,2017-12-13,19500.0,183747.0,1.589
645,2017-12-14,18750.0,485462.0,2.0184599999999997
646,2017-12-15,19050.0,210991.0,1.86815
647,2017-12-16,19050.0,210991.0,1.07365
648,2017-12-17,19050.0,210991.0,0.83744
649,2017-12-18,18750.0,216198.0,1.50311
650,2017-12-19,17150.0,440361.0,1.63195
651,2017-12-20,17000.0,100670.0,2.1473
652,2017-12-21,16150.0,158820.0,1.30985
653,2017-12-22,16750.0,83912.0,1.4601600000000001
654,2017-12-23,16750.0,83912.0,0.75155
655,2017-12-24,16750.0,83912.0,0.36504000000000003
656,2017-12-25,16750.0,83912.0,0.38650999999999996
657,2017-12-26,16750.0,104555.0,1.8037299999999998
658,2017-12-27,16350.0,54441.0,1.9325700000000001
659,2017-12-28,16600.0,98477.0,2.12583
660,2017-12-29,16600.0,98477.0,1.7178400000000003
661,2017-12-30,16600.0,98477.0,0.7730199999999999
662,2017-12-31,16600.0,98477.0,0.32209
663,2018-01-01,16600.0,98477.0,0.4724
664,2018-01-02,17500.0,234853.0,2.4694
665,2018-01-03,17250.0,93209.0,2.61971
666,2018-01-04,16850.0,133154.0,2.19025
667,2018-01-05,16850.0,101734.0,2.21172
668,2018-01-06,16850.0,101734.0,0.55829
669,2018-01-07,16850.0,101734.0,0.9233399999999999
670,2018-01-08,16800.0,93241.0,4.31608
671,2018-01-09,17200.0,203790.0,4.25166
672,2018-01-10,18100.0,328368.0,10.07086
673,2018-01-11,17800.0,192919.0,100.0
674,2018-01-12,17500.0,163086.0,61.94975
675,2018-01-13,17500.0,163086.0,13.39918
676,2018-01-14,17500.0,163086.0,13.18445
677,2018-01-15,17650.0,157027.0,48.40025
678,2018-01-16,17850.0,133836.0,39.10242
679,2018-01-17,18350.0,193737.0,47.26218
680,2018-01-18,17850.0,205376.0,46.10264
681,2018-01-19,18100.0,225913.0,54.21945
682,2018-01-20,18100.0,225913.0,10.65063
683,2018-01-21,18100.0,225913.0,9.34077
684,2018-01-22,18850.0,505923.0,50.5905
685,2018-01-23,18850.0,174400.0,44.148590000000006
686,2018-01-24,18750.0,132435.0,33.69121
687,2018-01-25,19300.0,192836.0,34.95812
688,2018-01-26,19250.0,148916.0,23.70624
689,2018-01-27,19250.0,148916.0,5.06764
690,2018-01-28,19250.0,148916.0,5.43268
691,2018-01-29,19000.0,238282.0,25.78913
692,2018-01-30,18650.0,132063.0,28.666520000000002
693,2018-01-31,18400.0,113676.0,29.22482
694,2018-02-01,19000.0,191434.0,22.50375
695,2018-02-02,18400.0,167469.0,18.05883
696,2018-02-03,18400.0,167469.0,5.7333
697,2018-02-04,18400.0,167469.0,5.94803
698,2018-02-05,17500.0,140413.0,17.8441
699,2018-02-06,17400.0,167366.0,17.86557
700,2018-02-07,16750.0,117881.0,17.071070000000002
701,2018-02-08,16900.0,111842.0,16.55572
702,2018-02-09,17550.0,177265.0,16.469829999999998
703,2018-02-10,17550.0,177265.0,5.282369999999999
704,2018-02-11,17550.0,177265.0,4.07987
705,2018-02-12,17100.0,76361.0,27.1634
706,2018-02-13,16800.0,96137.0,21.129479999999997
707,2018-02-14,16650.0,86822.0,16.89929
708,2018-02-15,16650.0,86822.0,3.19948
709,2018-02-16,16650.0,86822.0,2.49087
710,2018-02-17,16650.0,86822.0,1.9325700000000001
711,2018-02-18,16650.0,86822.0,2.74855
712,2018-02-19,16950.0,51909.0,15.482070000000002
713,2018-02-20,16900.0,41659.0,13.957479999999999
714,2018-02-21,16950.0,109935.0,11.89607
715,2018-02-22,17400.0,139785.0,11.917539999999999
716,2018-02-23,18400.0,348675.0,11.81017
717,2018-02-24,18400.0,348675.0,3.09211
718,2018-02-25,18400.0,348675.0,2.42645
719,2018-02-26,18450.0,101594.0,17.43611
720,2018-02-27,18950.0,246420.0,13.89306
721,2018-02-28,19350.0,363878.0,13.97895
722,2018-03-01,19350.0,363878.0,4.8529
723,2018-03-02,18450.0,219677.0,20.528229999999997
724,2018-03-03,18450.0,219677.0,7.8376600000000005
725,2018-03-04,18450.0,219677.0,7.66587
726,2018-03-05,18250.0,73274.0,16.74898
727,2018-03-06,19400.0,274528.0,14.988179999999998
728,2018-03-07,19650.0,417619.0,10.6721
729,2018-03-08,19900.0,240010.0,12.99119
730,2018-03-09,20600.0,168360.0,14.429889999999999
731,2018-03-10,20600.0,168360.0,3.09211
732,2018-03-11,20600.0,168360.0,3.17801
733,2018-03-12,20400.0,89431.0,16.126260000000002
734,2018-03-13,20300.0,107001.0,16.70603
735,2018-03-14,19800.0,105892.0,15.09555
736,2018-03-15,20450.0,115140.0,17.11402
737,2018-03-16,20850.0,111138.0,11.037139999999999
738,2018-03-17,20850.0,111138.0,3.1135900000000003
739,2018-03-18,20850.0,111138.0,2.44792
740,2018-03-19,20150.0,106713.0,12.1108
741,2018-03-20,20250.0,104401.0,14.34399
742,2018-03-21,19800.0,71458.0,16.06184
743,2018-03-22,19500.0,96261.0,17.11402
744,2018-03-23,18350.0,115706.0,13.50654
745,2018-03-24,18350.0,115706.0,3.6718900000000003
746,2018-03-25,18350.0,115706.0,3.52158
747,2018-03-26,18950.0,50977.0,18.93923
748,2018-03-27,19000.0,76237.0,13.549489999999999
749,2018-03-28,18850.0,79717.0,11.68133
750,2018-03-29,18800.0,52942.0,13.42065
751,2018-03-30,18900.0,103863.0,13.936010000000001
752,2018-03-31,18900.0,103863.0,4.74554
753,2018-04-01,18900.0,103863.0,3.56452
754,2018-04-02,20050.0,489969.0,18.38093
755,2018-04-03,20200.0,175221.0,13.61391
756,2018-04-04,18950.0,221039.0,12.0249
757,2018-04-05,18950.0,110510.0,20.16319
758,2018-04-06,18800.0,70676.0,15.6968
759,2018-04-07,18800.0,70676.0,3.4142099999999997
760,2018-04-08,18800.0,70676.0,2.89886
761,2018-04-09,18350.0,128331.0,16.27657
762,2018-04-10,18200.0,117103.0,23.06205
763,2018-04-11,18050.0,111601.0,18.48829
764,2018-04-12,17800.0,113300.0,15.353229999999998
765,2018-04-13,17950.0,115586.0,14.472829999999998
766,2018-04-14,17950.0,115586.0,3.1350599999999997
767,2018-04-15,17950.0,115586.0,3.4356800000000005
768,2018-04-16,18150.0,191959.0,16.25509
769,2018-04-17,18050.0,134550.0,16.44835
770,2018-04-18,17800.0,161487.0,21.21537
771,2018-04-19,18200.0,176574.0,20.8718
772,2018-04-20,17850.0,150608.0,15.933
773,2018-04-21,17850.0,150608.0,3.3068400000000002
774,2018-04-22,17850.0,150608.0,2.25467
775,2018-04-23,16950.0,488577.0,14.687560000000001
776,2018-04-24,17200.0,230377.0,14.34399
777,2018-04-25,16800.0,145732.0,21.859560000000002
778,2018-04-26,17450.0,248162.0,17.22138
779,2018-04-27,17200.0,159449.0,14.923770000000001
780,2018-04-28,17200.0,159449.0,2.74855
781,2018-04-29,17200.0,159449.0,2.5552900000000003
782,2018-04-30,17250.0,158235.0,15.396170000000001
783,2018-05-01,17250.0,158235.0,4.4019699999999995
784,2018-05-02,17150.0,159704.0,11.76723
785,2018-05-03,16800.0,162044.0,10.4359
786,2018-05-04,17550.0,430348.0,13.785689999999999
787,2018-05-05,17550.0,430348.0,2.42645
788,2018-05-06,17550.0,430348.0,1.99699
789,2018-05-07,17550.0,430348.0,3.3283199999999997
790,2018-05-08,18050.0,441832.0,14.279570000000001
791,2018-05-09,17950.0,190674.0,10.77947
792,2018-05-10,17600.0,188379.0,13.07708
793,2018-05-11,17850.0,155059.0,11.53102
794,2018-05-12,17850.0,155059.0,3.00622
795,2018-05-13,17850.0,155059.0,2.03993
796,2018-05-14,18000.0,286723.0,13.85011
797,2018-05-15,17450.0,189083.0,18.38093
798,2018-05-16,16950.0,153042.0,24.801370000000002
799,2018-05-17,17200.0,105161.0,22.009870000000003
800,2018-05-18,17500.0,263970.0,18.337979999999998
801,2018-05-19,17500.0,263970.0,3.54305
802,2018-05-20,17500.0,263970.0,3.09211
803,2018-05-21,17350.0,128459.0,15.03113
804,2018-05-22,17350.0,128459.0,4.20871
805,2018-05-23,17050.0,164462.0,13.29181
806,2018-05-24,17250.0,123304.0,12.62615
807,2018-05-25,16400.0,337966.0,17.80115
808,2018-05-26,16400.0,337966.0,3.0277
809,2018-05-27,16400.0,337966.0,2.77002
810,2018-05-28,16550.0,353665.0,12.71204
811,2018-05-29,16100.0,125877.0,13.27034
812,2018-05-30,15900.0,134526.0,17.13549
813,2018-05-31,16100.0,143868.0,17.19991
814,2018-06-01,15750.0,139277.0,15.353229999999998
815,2018-06-02,15750.0,139277.0,2.42645
816,2018-06-03,15750.0,139277.0,2.19025
817,2018-06-04,15650.0,95898.0,16.01889
818,2018-06-05,15700.0,102818.0,12.23963
819,2018-06-06,15700.0,102818.0,2.89886
820,2018-06-07,15750.0,91680.0,12.282580000000001
821,2018-06-08,15600.0,89267.0,14.34399
822,2018-06-09,15600.0,89267.0,1.9540400000000002
823,2018-06-10,15600.0,89267.0,1.54605
824,2018-06-11,15750.0,107851.0,15.71827
825,2018-06-12,15350.0,161363.0,14.34399
826,2018-06-13,15350.0,161363.0,3.2639
827,2018-06-14,15350.0,465773.0,11.96048
828,2018-06-15,15400.0,115316.0,13.785689999999999
829,2018-06-16,15400.0,115316.0,2.23319
830,2018-06-17,15400.0,115316.0,1.48164
831,2018-06-18,14400.0,247715.0,13.248870000000002
832,2018-06-19,14000.0,110141.0,13.16298
833,2018-06-20,14100.0,125996.0,12.046380000000001
834,2018-06-21,13500.0,148633.0,11.68133
835,2018-06-22,13800.0,99463.0,9.72729
836,2018-06-23,13800.0,99463.0,2.10435
837,2018-06-24,13800.0,99463.0,1.4172200000000001
838,2018-06-25,13800.0,62735.0,13.957479999999999
839,2018-06-26,13800.0,68982.0,12.046380000000001
840,2018-06-27,13800.0,178457.0,11.18745
841,2018-06-28,13900.0,121420.0,12.41142
842,2018-06-29,15300.0,758416.0,9.469610000000001
843,2018-06-30,15300.0,758416.0,3.71483
844,2018-07-01,15300.0,758416.0,1.50311
845,2018-07-02,15550.0,521399.0,10.50032
846,2018-07-03,15150.0,269891.0,12.54026
847,2018-07-04,15350.0,144883.0,10.32853
848,2018-07-05,14500.0,189242.0,9.61992
849,2018-07-06,16400.0,886721.0,9.57698
850,2018-07-07,16400.0,886721.0,1.8037299999999998
851,2018-07-08,16400.0,886721.0,1.9325700000000001
852,2018-07-09,16450.0,366708.0,10.37148
853,2018-07-10,16750.0,734482.0,11.53102
854,2018-07-11,16150.0,232565.0,11.74575
855,2018-07-12,16500.0,235330.0,11.037139999999999
856,2018-07-13,16300.0,162451.0,11.337769999999999
857,2018-07-14,16300.0,162451.0,2.34056
858,2018-07-15,16300.0,162451.0,1.7178400000000003
859,2018-07-16,15500.0,241121.0,12.32553
860,2018-07-17,16200.0,261735.0,11.7887
861,2018-07-18,15600.0,176927.0,10.1138
862,2018-07-19,14200.0,559448.0,10.69357
863,2018-07-20,14100.0,222899.0,9.25488
864,2018-07-21,14100.0,222899.0,1.88962
865,2018-07-22,14100.0,222899.0,1.8252
866,2018-07-23,13650.0,162654.0,9.77023
867,2018-07-24,13900.0,149395.0,9.57698
868,2018-07-25,13750.0,104710.0,14.429889999999999
869,2018-07-26,13950.0,97693.0,9.96349
870,2018-07-27,14150.0,81892.0,9.01868
871,2018-07-28,14150.0,81892.0,1.9540400000000002
872,2018-07-29,14150.0,81892.0,1.1810100000000001
873,2018-07-30,14050.0,51538.0,8.67511
874,2018-07-31,13900.0,104924.0,8.03092
875,2018-08-01,14950.0,409530.0,8.567739999999999
876,2018-08-02,14300.0,203171.0,9.61992
877,2018-08-03,14400.0,72618.0,8.353010000000001
878,2018-08-04,14400.0,72618.0,1.9111
879,2018-08-05,14400.0,72618.0,1.589
880,2018-08-06,14600.0,180260.0,8.73953
881,2018-08-07,14550.0,140359.0,9.34077
882,2018-08-08,14350.0,70469.0,9.94202
883,2018-08-09,14300.0,78407.0,8.67511
884,2018-08-10,14400.0,132388.0,9.83465
885,2018-08-11,14400.0,132388.0,2.12583
886,2018-08-12,14400.0,132388.0,1.76079
887,2018-08-13,13650.0,185310.0,12.046380000000001
888,2018-08-14,13350.0,129934.0,16.126260000000002
889,2018-08-15,13350.0,129934.0,4.78849
890,2018-08-16,12600.0,258046.0,15.6109
891,2018-08-17,12750.0,99832.0,11.316289999999999
892,2018-08-18,12750.0,99832.0,2.34056
893,2018-08-19,12750.0,99832.0,2.16877
894,2018-08-20,12700.0,64955.0,12.38995
895,2018-08-21,12950.0,102674.0,12.32553
896,2018-08-22,12900.0,55039.0,10.86536
897,2018-08-23,13450.0,249243.0,11.74575
898,2018-08-24,13550.0,123587.0,9.74876
899,2018-08-25,13550.0,123587.0,2.34056
900,2018-08-26,13550.0,123587.0,1.8037299999999998
901,2018-08-27,13150.0,87819.0,15.074079999999999
902,2018-08-28,13150.0,55094.0,10.564739999999999
903,2018-08-29,13400.0,56886.0,9.8776
904,2018-08-30,13500.0,138608.0,10.26411
905,2018-08-31,13500.0,83842.0,8.03092
906,2018-09-01,13500.0,83842.0,1.6748900000000002
907,2018-09-02,13500.0,83842.0,1.78226
908,2018-09-03,13250.0,72166.0,8.932780000000001
909,2018-09-04,13600.0,53519.0,11.83165
910,2018-09-05,13800.0,212740.0,8.71805
911,2018-09-06,13550.0,49138.0,10.84389
912,2018-09-07,13500.0,46412.0,8.26712
913,2018-09-08,13500.0,46412.0,1.88962
914,2018-09-09,13500.0,46412.0,1.63195
915,2018-09-10,13150.0,59437.0,11.2304
916,2018-09-11,13350.0,40391.0,9.66287
917,2018-09-12,13450.0,53811.0,10.4359
918,2018-09-13,13600.0,74845.0,9.705810000000001
919,2018-09-14,13900.0,82241.0,9.0831
920,2018-09-15,13900.0,82241.0,1.6963700000000002
921,2018-09-16,13900.0,82241.0,1.6748900000000002
922,2018-09-17,14000.0,108898.0,10.199689999999999
923,2018-09-18,13800.0,49939.0,8.46038
924,2018-09-19,13650.0,47055.0,10.9942
925,2018-09-20,13600.0,45233.0,11.20893
926,2018-09-21,14000.0,86286.0,9.21193
927,2018-09-22,14000.0,86286.0,1.9111
928,2018-09-23,14000.0,86286.0,1.1810100000000001
929,2018-09-24,14000.0,86286.0,1.26691
930,2018-09-25,14000.0,86286.0,0.9233399999999999
931,2018-09-26,14000.0,86286.0,2.34056
932,2018-09-27,14000.0,60006.0,17.47906
933,2018-09-28,14100.0,92523.0,11.08009
934,2018-09-29,14100.0,92523.0,2.23319
935,2018-09-30,14100.0,92523.0,1.6534200000000001
936,2018-10-01,14700.0,258541.0,9.40519
937,2018-10-02,13750.0,255714.0,9.42666
938,2018-10-03,13750.0,255714.0,2.2976099999999997
939,2018-10-04,13050.0,210172.0,9.705810000000001
940,2018-10-05,12900.0,98935.0,7.85913
941,2018-10-06,12900.0,98935.0,3.3068400000000002
942,2018-10-07,12900.0,98935.0,1.61047
943,2018-10-08,12750.0,32231.0,8.03092
944,2018-10-09,12750.0,32231.0,2.10435
945,2018-10-10,11950.0,130159.0,10.32853
946,2018-10-11,10650.0,258445.0,10.17822
947,2018-10-12,10900.0,103224.0,8.567739999999999
948,2018-10-13,10900.0,103224.0,1.33132
949,2018-10-14,10900.0,103224.0,1.2883799999999999
950,2018-10-15,10100.0,136005.0,10.13528
951,2018-10-16,10400.0,104108.0,9.469610000000001
952,2018-10-17,10700.0,79028.0,8.567739999999999
953,2018-10-18,10550.0,59291.0,8.61069
954,2018-10-19,10450.0,76705.0,8.761000000000001
955,2018-10-20,10450.0,76705.0,1.61047
956,2018-10-21,10450.0,76705.0,1.2883799999999999
957,2018-10-22,10900.0,339451.0,9.8776
958,2018-10-23,10450.0,98217.0,9.6414
959,2018-10-24,10200.0,88163.0,9.04015
960,2018-10-25,9710.0,113415.0,12.5832
961,2018-10-26,9320.0,130674.0,9.684339999999999
962,2018-10-27,9320.0,130674.0,1.9111
963,2018-10-28,9320.0,130674.0,1.9540400000000002
964,2018-10-29,8440.0,163872.0,11.53102
965,2018-10-30,8650.0,189232.0,9.705810000000001
966,2018-10-31,8810.0,84250.0,9.04015
967,2018-11-01,8960.0,85849.0,8.54627
968,2018-11-02,9290.0,101221.0,9.21193
969,2018-11-03,9290.0,101221.0,3.73631
970,2018-11-04,9290.0,101221.0,2.40498
971,2018-11-05,9280.0,50023.0,11.27335
972,2018-11-06,9300.0,69933.0,11.165980000000001
973,2018-11-07,9100.0,80800.0,12.41142
974,2018-11-08,9130.0,69039.0,15.76121
975,2018-11-09,9050.0,52282.0,10.822410000000001
976,2018-11-10,9050.0,52282.0,2.19025
977,2018-11-11,9050.0,52282.0,2.2976099999999997
978,2018-11-12,8450.0,216496.0,11.96048
979,2018-11-13,8300.0,131777.0,9.83465
980,2018-11-14,8360.0,84549.0,13.07708
981,2018-11-15,9540.0,1548982.0,17.32875
982,2018-11-16,9650.0,800969.0,14.0219
983,2018-11-17,9650.0,800969.0,3.15653
984,2018-11-18,9650.0,800969.0,3.1350599999999997
985,2018-11-19,9800.0,246522.0,11.12304
986,2018-11-20,9510.0,164300.0,11.38071
987,2018-11-21,12350.0,2507364.0,11.85312
988,2018-11-22,13000.0,4196127.0,11.89607
989,2018-11-23,12950.0,1456617.0,10.13528
990,2018-11-24,12950.0,1456617.0,3.04917
991,2018-11-25,12950.0,1456617.0,2.4694
992,2018-11-26,12100.0,781549.0,15.95447
993,2018-11-27,12100.0,1297180.0,11.702810000000001
994,2018-11-28,12100.0,842038.0,9.51256
995,2018-11-29,11900.0,484649.0,10.71505
996,2018-11-30,12750.0,2453673.0,9.19046
997,2018-12-01,12750.0,2453673.0,2.61971
998,2018-12-02,12750.0,2453673.0,1.88962
999,2018-12-03,12700.0,856447.0,10.37148
1000,2018-12-04,12150.0,601196.0,8.567739999999999
1001,2018-12-05,11900.0,369818.0,9.168989999999999
1002,2018-12-06,11100.0,376784.0,8.82542
1003,2018-12-07,11450.0,405004.0,8.24565
1004,2018-12-08,11450.0,405004.0,2.12583
1005,2018-12-09,11450.0,405004.0,1.7178400000000003
1006,2018-12-10,11450.0,398839.0,9.5555
1007,2018-12-11,10900.0,246520.0,8.353010000000001
1008,2018-12-12,11500.0,297325.0,9.12604
1009,2018-12-13,11750.0,270217.0,9.57698
1010,2018-12-14,11350.0,193406.0,9.06162
1011,2018-12-15,11350.0,193406.0,2.5552900000000003
1012,2018-12-16,11350.0,193406.0,2.1473
1013,2018-12-17,11250.0,132112.0,9.920539999999999
1014,2018-12-18,11300.0,229140.0,8.61069
1015,2018-12-19,11450.0,134826.0,8.761000000000001
1016,2018-12-20,11200.0,165166.0,9.448139999999999
1017,2018-12-21,10850.0,145611.0,8.37449
1018,2018-12-22,10850.0,145611.0,2.49087
1019,2018-12-23,10850.0,145611.0,5.668880000000001
1020,2018-12-24,10500.0,130508.0,8.46038
1021,2018-12-25,10500.0,130508.0,4.20871
1022,2018-12-26,10200.0,146530.0,15.911529999999999
1023,2018-12-27,10800.0,111028.0,12.49731
1024,2018-12-28,10900.0,68530.0,10.41442
1025,2018-12-29,10900.0,68530.0,3.8866199999999997
1026,2018-12-30,10900.0,68530.0,2.2976099999999997
1027,2018-12-31,10900.0,68530.0,5.15353
1028,2019-01-01,10900.0,68530.0,11.337769999999999
1029,2019-01-02,10450.0,83637.0,10.32853
1030,2019-01-03,10250.0,73959.0,9.0831
1031,2019-01-04,10500.0,81963.0,8.80395
1032,2019-01-05,10500.0,81963.0,3.2639
1033,2019-01-06,10500.0,81963.0,2.19025
1034,2019-01-07,10650.0,96544.0,10.50032
1035,2019-01-08,10700.0,547365.0,9.6414
1036,2019-01-09,10850.0,131656.0,12.153739999999999
1037,2019-01-10,10600.0,112215.0,10.929780000000001
1038,2019-01-11,10800.0,92880.0,9.684339999999999
1039,2019-01-12,10800.0,92880.0,2.34056
1040,2019-01-13,10800.0,92880.0,2.79149
1041,2019-01-14,11000.0,257887.0,11.96048
1042,2019-01-15,11200.0,115492.0,13.442129999999999
1043,2019-01-16,11100.0,116135.0,11.53102
1044,2019-01-17,10650.0,101500.0,9.06162
1045,2019-01-18,10650.0,74945.0,8.932780000000001
1046,2019-01-19,10650.0,74945.0,2.77002
1047,2019-01-20,10650.0,74945.0,2.8344400000000003
1048,2019-01-21,10900.0,109059.0,12.046380000000001
1049,2019-01-22,11450.0,241568.0,10.32853
1050,2019-01-23,11550.0,606796.0,10.69357
1051,2019-01-24,12200.0,487925.0,10.73652
1052,2019-01-25,12300.0,264469.0,14.38694
1053,2019-01-26,12300.0,264469.0,2.87738
1054,2019-01-27,12300.0,264469.0,3.6933599999999998
1055,2019-01-28,12100.0,191534.0,9.57698
1056,2019-01-29,11900.0,207598.0,8.48185
1057,2019-01-30,11950.0,110886.0,9.813180000000001
1058,2019-01-31,11950.0,79698.0,8.5248
1059,2019-02-01,12050.0,125412.0,6.0768699999999995
1060,2019-02-02,12050.0,125412.0,2.36203
1061,2019-02-03,12050.0,125412.0,1.54605
1062,2019-02-04,12050.0,125412.0,1.39574
1063,2019-02-05,12050.0,125412.0,1.43869
1064,2019-02-06,12050.0,125412.0,2.21172
1065,2019-02-07,11900.0,90254.0,10.00644
1066,2019-02-08,11700.0,119699.0,9.42666
1067,2019-02-09,11700.0,119699.0,3.3283199999999997
1068,2019-02-10,11700.0,119699.0,2.49087
1069,2019-02-11,11550.0,89082.0,12.0249
1070,2019-02-12,11550.0,65222.0,11.165980000000001
1071,2019-02-13,11700.0,52800.0,11.702810000000001
1072,2019-02-14,12000.0,361289.0,11.61692
1073,2019-02-15,12350.0,494187.0,12.41142
1074,2019-02-16,12350.0,494187.0,3.09211
1075,2019-02-17,12350.0,494187.0,3.1135900000000003
1076,2019-02-18,12350.0,233423.0,14.150739999999999
1077,2019-02-19,12800.0,232384.0,13.31329
1078,2019-02-20,14750.0,3357369.0,12.51878
1079,2019-02-21,15450.0,2088525.0,10.71505
1080,2019-02-22,15450.0,648357.0,10.049380000000001
1081,2019-02-23,15450.0,648357.0,2.8344400000000003
1082,2019-02-24,15450.0,648357.0,2.64118
1083,2019-02-25,15450.0,529074.0,16.469829999999998
1084,2019-02-26,14500.0,641686.0,11.01567
1085,2019-02-27,14800.0,284035.0,13.764220000000002
1086,2019-02-28,14100.0,303372.0,13.678329999999999
1087,2019-03-01,14100.0,303372.0,3.15653
1088,2019-03-02,14100.0,303372.0,2.89886
1089,2019-03-03,14100.0,303372.0,2.98475
1090,2019-03-04,14950.0,370218.0,14.902289999999999
1091,2019-03-05,14350.0,259074.0,18.55271
1092,2019-03-06,14050.0,229802.0,19.519000000000002
1093,2019-03-07,14550.0,516459.0,15.00966
1094,2019-03-08,15100.0,719505.0,12.77646
1095,2019-03-09,15100.0,719505.0,3.9725099999999998
1096,2019-03-10,15100.0,719505.0,4.20871
1097,2019-03-11,15200.0,386051.0,15.22439
1098,2019-03-12,14750.0,357834.0,13.678329999999999
1099,2019-03-13,15000.0,1215895.0,15.353229999999998
1100,2019-03-14,14650.0,356748.0,17.43611
1101,2019-03-15,15600.0,1179275.0,14.75198
1102,2019-03-16,15600.0,1179275.0,3.17801
1103,2019-03-17,15600.0,1179275.0,2.96328
1104,2019-03-18,15850.0,1104904.0,14.73051
1105,2019-03-19,15950.0,485011.0,12.73351
1106,2019-03-20,15800.0,424639.0,12.92677
1107,2019-03-21,14750.0,447319.0,12.73351
1108,2019-03-22,13950.0,615961.0,12.77646
1109,2019-03-23,13950.0,615961.0,4.4663900000000005
1110,2019-03-24,13950.0,615961.0,3.0277
1111,2019-03-25,13250.0,431085.0,17.69379
1112,2019-03-26,13500.0,324016.0,12.96972
1113,2019-03-27,13050.0,265801.0,12.88383
1114,2019-03-28,12500.0,332711.0,18.230620000000002
1115,2019-03-29,12650.0,297138.0,16.81339
1116,2019-03-30,12650.0,297138.0,5.110580000000001
1117,2019-03-31,12650.0,297138.0,3.37126
1118,2019-04-01,12350.0,519575.0,13.59244
1119,2019-04-02,12500.0,201525.0,12.23963
1120,2019-04-03,12600.0,153267.0,15.03113
1121,2019-04-04,13000.0,312542.0,12.86235
1122,2019-04-05,12550.0,321314.0,17.45759
1123,2019-04-06,12550.0,321314.0,3.80073
1124,2019-04-07,12550.0,321314.0,3.6718900000000003
1125,2019-04-08,13050.0,507410.0,14.34399
1126,2019-04-09,13350.0,420255.0,12.54026
1127,2019-04-10,13050.0,226459.0,14.73051
1128,2019-04-11,13000.0,190906.0,20.12024
1129,2019-04-12,13400.0,308439.0,18.703020000000002
1130,2019-04-13,13400.0,308439.0,4.35902
1131,2019-04-14,13400.0,308439.0,4.42344
1132,2019-04-15,14250.0,988424.0,18.18767
1133,2019-04-16,14300.0,332065.0,14.193679999999999
1134,2019-04-17,13800.0,210247.0,14.06484
1135,2019-04-18,13650.0,255412.0,11.165980000000001
1136,2019-04-19,14150.0,516388.0,13.18445
1137,2019-04-20,14150.0,516388.0,3.17801
1138,2019-04-21,14150.0,516388.0,3.4142099999999997
1139,2019-04-22,13900.0,162715.0,13.59244
1140,2019-04-23,13750.0,138580.0,10.9942
1141,2019-04-24,13450.0,142838.0,11.76723
1142,2019-04-25,13200.0,181788.0,15.33175
1143,2019-04-26,13400.0,125236.0,11.05862
1144,2019-04-27,13400.0,125236.0,2.66265
1145,2019-04-28,13400.0,125236.0,2.8559099999999997
1146,2019-04-29,13300.0,182659.0,10.75799
1147,2019-04-30,13150.0,179070.0,12.54026
1148,2019-05-01,13150.0,179070.0,6.80695
1149,2019-05-02,13650.0,147261.0,11.939010000000001
1150,2019-05-03,13800.0,133636.0,8.37449
1151,2019-05-04,13800.0,133636.0,3.4142099999999997
1152,2019-05-05,13800.0,133636.0,2.79149
1153,2019-05-06,13800.0,133636.0,3.8866199999999997
1154,2019-05-07,13150.0,180796.0,18.83186
1155,2019-05-08,12700.0,190695.0,12.38995
1156,2019-05-09,11450.0,453374.0,12.0249
1157,2019-05-10,11700.0,194747.0,11.85312
1158,2019-05-11,11700.0,194747.0,3.34979
1159,2019-05-12,11700.0,194747.0,2.66265
1160,2019-05-13,11250.0,127858.0,11.29482
1161,2019-05-14,11500.0,208226.0,11.35924
1162,2019-05-15,11700.0,117259.0,20.463810000000002
1163,2019-05-16,11350.0,193036.0,79.6006
1164,2019-05-17,11100.0,140768.0,31.20034
1165,2019-05-18,11100.0,140768.0,6.592219999999999
1166,2019-05-19,11100.0,140768.0,4.6167
1167,2019-05-20,11150.0,142971.0,32.53167
1168,2019-05-21,11400.0,93223.0,23.98539
1169,2019-05-22,11700.0,124823.0,21.129479999999997
1170,2019-05-23,10000.0,676420.0,19.497529999999998
1171,2019-05-24,10050.0,172992.0,19.32574
1172,2019-05-25,10050.0,172992.0,4.57375
1173,2019-05-26,10050.0,172992.0,3.7577800000000003
1174,2019-05-27,10000.0,189438.0,18.466820000000002
1175,2019-05-28,10300.0,87074.0,16.51277
1176,2019-05-29,10200.0,72801.0,14.60167
1177,2019-05-30,10700.0,227521.0,14.794929999999999
1178,2019-05-31,11000.0,122331.0,12.153739999999999
1179,2019-06-01,11000.0,122331.0,3.5859900000000002
1180,2019-06-02,11000.0,122331.0,2.2976099999999997
1181,2019-06-03,10950.0,63137.0,14.30105
1182,2019-06-04,11000.0,79998.0,13.97895
1183,2019-06-05,11400.0,141876.0,13.4636
1184,2019-06-06,11400.0,141876.0,3.71483
1185,2019-06-07,11800.0,114088.0,12.26111
1186,2019-06-08,11800.0,114088.0,3.4142099999999997
1187,2019-06-09,11800.0,114088.0,2.72707
1188,2019-06-10,11650.0,86310.0,14.558720000000001
1189,2019-06-11,11850.0,94277.0,12.49731
1190,2019-06-12,11900.0,66657.0,11.85312
1191,2019-06-13,12050.0,107370.0,15.89005
1192,2019-06-14,11800.0,127203.0,17.522000000000002
1193,2019-06-15,11800.0,127203.0,3.9725099999999998
1194,2019-06-16,11800.0,127203.0,2.53382
1195,2019-06-17,11900.0,71387.0,14.794929999999999
1196,2019-06-18,11950.0,139252.0,14.0219
1197,2019-06-19,11900.0,87577.0,13.05561
1198,2019-06-20,12000.0,77698.0,13.87159
1199,2019-06-21,11650.0,139943.0,11.72428
1200,2019-06-22,11650.0,139943.0,2.68413
1201,2019-06-23,11650.0,139943.0,3.00622
1202,2019-06-24,11600.0,32053.0,12.19669
1203,2019-06-25,11550.0,67765.0,18.87481
1204,2019-06-26,11700.0,89988.0,13.07708
1205,2019-06-27,11650.0,65882.0,12.282580000000001
1206,2019-06-28,11550.0,148700.0,10.800939999999999
1207,2019-06-29,11550.0,148700.0,3.4786300000000003
1208,2019-06-30,11550.0,148700.0,2.81296
1209,2019-07-01,11900.0,193279.0,12.36847
1210,2019-07-02,11850.0,95727.0,11.57397
1211,2019-07-03,11600.0,65347.0,10.13528
1212,2019-07-04,11650.0,48114.0,12.99119
1213,2019-07-05,11950.0,249642.0,11.01567
1214,2019-07-06,11950.0,249642.0,2.81296
1215,2019-07-07,11950.0,249642.0,2.19025
1216,2019-07-08,11300.0,115220.0,11.48808
1217,2019-07-09,11000.0,86217.0,11.7887
1218,2019-07-10,11000.0,77340.0,13.37771
1219,2019-07-11,11200.0,79388.0,10.65063
1220,2019-07-12,11500.0,65949.0,11.42366
1221,2019-07-13,11500.0,65949.0,3.3283199999999997
1222,2019-07-14,11500.0,65949.0,2.5552900000000003
1223,2019-07-15,11450.0,29441.0,13.07708
1224,2019-07-16,11400.0,36977.0,11.87459
1225,2019-07-17,11200.0,89565.0,10.02791
1226,2019-07-18,11200.0,63387.0,10.822410000000001
1227,2019-07-19,11300.0,88548.0,9.57698
1228,2019-07-20,11300.0,88548.0,2.92033
1229,2019-07-21,11300.0,88548.0,2.51234
1230,2019-07-22,11300.0,29916.0,11.2304
1231,2019-07-23,11250.0,37421.0,11.65986
1232,2019-07-24,11050.0,56829.0,12.046380000000001
1233,2019-07-25,10750.0,124872.0,18.18767
1234,2019-07-26,10700.0,50184.0,10.972719999999999
1235,2019-07-27,10700.0,50184.0,3.65041
1236,2019-07-28,10700.0,50184.0,2.7056
1237,2019-07-29,10000.0,133135.0,10.4359
1238,2019-07-30,10150.0,49300.0,12.046380000000001
1239,2019-07-31,10050.0,154770.0,10.90831
1240,2019-08-01,9970.0,66148.0,11.101560000000001
1241,2019-08-02,9790.0,78330.0,11.44513
1242,2019-08-03,9790.0,78330.0,2.8559099999999997
1243,2019-08-04,9790.0,78330.0,1.7178400000000003
1244,2019-08-05,8810.0,135842.0,12.0249
1245,2019-08-06,8700.0,199680.0,12.17522
1246,2019-08-07,8580.0,264461.0,14.000420000000002
1247,2019-08-08,9590.0,1003266.0,11.59544
1248,2019-08-09,9580.0,261563.0,9.3193
1249,2019-08-10,9580.0,261563.0,3.04917
1250,2019-08-11,9580.0,261563.0,1.8466799999999999
1251,2019-08-12,10350.0,775209.0,12.19669
1252,2019-08-13,10500.0,227957.0,11.57397
1253,2019-08-14,10350.0,111163.0,17.2858
1254,2019-08-15,10350.0,111163.0,4.3805
1255,2019-08-16,10350.0,78321.0,15.09555
1256,2019-08-17,10350.0,78321.0,3.56452
1257,2019-08-18,10350.0,78321.0,2.79149
1258,2019-08-19,10350.0,45149.0,14.000420000000002
1259,2019-08-20,10600.0,88647.0,13.05561
1260,2019-08-21,10550.0,28176.0,15.396170000000001
1261,2019-08-22,10400.0,37422.0,19.66931
1262,2019-08-23,10350.0,69386.0,16.29804
1263,2019-08-24,10350.0,69386.0,4.14429
1264,2019-08-25,10350.0,69386.0,3.3927400000000003
1265,2019-08-26,9940.0,40431.0,19.43311
1266,2019-08-27,9900.0,47549.0,13.48507
1267,2019-08-28,10000.0,38208.0,14.38694
1268,2019-08-29,10000.0,59476.0,12.153739999999999
1269,2019-08-30,10150.0,106330.0,11.76723
1270,2019-08-31,10150.0,106330.0,3.24243
1271,2019-09-01,10150.0,106330.0,2.7056
1272,2019-09-02,10100.0,50760.0,12.282580000000001
1273,2019-09-03,11250.0,761890.0,13.678329999999999
1274,2019-09-04,11300.0,126467.0,12.19669
1275,2019-09-05,11150.0,244132.0,14.38694
1276,2019-09-06,11200.0,72685.0,13.356229999999998
1277,2019-09-07,11200.0,72685.0,3.9510400000000003
1278,2019-09-08,11200.0,72685.0,2.81296
1279,2019-09-09,11450.0,127722.0,11.917539999999999
1280,2019-09-10,11100.0,87435.0,13.678329999999999
1281,2019-09-11,11350.0,85920.0,10.24264
1282,2019-09-12,11350.0,85920.0,2.12583
1283,2019-09-13,11350.0,85920.0,1.88962
1284,2019-09-14,11350.0,85920.0,1.9325700000000001
1285,2019-09-15,11350.0,85920.0,2.61971
1286,2019-09-16,11600.0,71007.0,16.21215
1287,2019-09-17,11550.0,80147.0,11.81017
1288,2019-09-18,11650.0,151495.0,15.86858
1289,2019-09-19,11500.0,59284.0,13.91453
1290,2019-09-20,11500.0,51015.0,13.05561
1291,2019-09-21,11500.0,51015.0,3.0277
1292,2019-09-22,11500.0,51015.0,2.8559099999999997
1293,2019-09-23,11350.0,34163.0,13.39918
1294,2019-09-24,11450.0,58024.0,12.56173
1295,2019-09-25,11000.0,75090.0,20.05582
