period,동화약품
2016-01-01,4.4181
2016-01-02,3.91971
2016-01-03,4.02747
2016-01-04,21.0264
2016-01-05,21.45743
2016-01-06,26.41433
2016-01-07,25.067339999999998
2016-01-08,26.966590000000004
2016-01-09,10.654630000000001
2016-01-10,12.47306
2016-01-11,69.15409
2016-01-12,45.08351
2016-01-13,41.10991
2016-01-14,30.2667
2016-01-15,29.458509999999997
2016-01-16,6.654089999999999
2016-01-17,6.08836
2016-01-18,29.512390000000003
2016-01-19,28.098059999999997
2016-01-20,30.037709999999997
2016-01-21,25.94288
2016-01-22,22.34644
2016-01-23,5.7516099999999994
2016-01-24,6.03448
2016-01-25,30.024240000000002
2016-01-26,30.52262
2016-01-27,26.966590000000004
2016-01-28,22.42726
2016-01-29,35.897090000000006
2016-01-30,12.86368
2016-01-31,12.87715
2016-02-01,58.8362
2016-02-02,54.33728000000001
2016-02-03,66.44665
2016-02-04,51.03717
2016-02-05,41.35237
2016-02-06,9.59051
2016-02-07,6.37122
2016-02-08,5.33405
2016-02-09,6.2904
2016-02-10,8.78232
2016-02-11,35.27747
2016-02-12,33.16271
2016-02-13,7.4084
2016-02-14,6.2904
2016-02-15,29.53933
2016-02-16,28.79849
2016-02-17,26.697190000000003
2016-02-18,31.398159999999997
2016-02-19,27.02047
2016-02-20,6.74838
2016-02-21,5.69773
2016-02-22,26.387390000000003
2016-02-23,24.434260000000002
2016-02-24,22.11745
2016-02-25,21.21497
2016-02-26,21.51131
2016-02-27,5.25323
2016-02-28,5.17241
2016-02-29,19.625529999999998
2016-03-01,6.84267
2016-03-02,22.265620000000002
2016-03-03,20.810879999999997
2016-03-04,19.67941
2016-03-05,5.94019
2016-03-06,5.42834
2016-03-07,21.12068
2016-03-08,20.27209
2016-03-09,22.00969
2016-03-10,21.53825
2016-03-11,20.123920000000002
2016-03-12,4.6875
2016-03-13,5.01077
2016-03-14,19.98922
2016-03-15,18.70959
2016-03-16,19.49084
2016-03-17,20.029629999999997
2016-03-18,22.30603
2016-03-19,5.36099
2016-03-20,5.38793
2016-03-21,20.78394
2016-03-22,39.25107
2016-03-23,25.390620000000002
2016-03-24,21.24191
2016-03-25,22.723589999999998
2016-03-26,5.06465
2016-03-27,5.18588
2016-03-28,20.191270000000003
2016-03-29,20.42025
2016-03-30,21.90193
2016-03-31,23.49137
2016-04-01,23.51831
2016-04-02,8.43211
2016-04-03,9.52316
2016-04-04,40.51724
2016-04-05,33.53987
2016-04-06,37.29795
2016-04-07,41.27155
2016-04-08,30.7112
2016-04-09,7.61045
2016-04-10,8.05495
2016-04-11,32.11206
2016-04-12,26.83189
2016-04-13,7.36799
2016-04-14,24.11099
2016-04-15,23.57219
2016-04-16,7.00431
2016-04-17,6.2904
2016-04-18,24.137929999999997
2016-04-19,23.85506
2016-04-20,26.0237
2016-04-21,25.28286
2016-04-22,22.48114
2016-04-23,5.81896
2016-04-24,5.58997
2016-04-25,42.21443
2016-04-26,41.042559999999995
2016-04-27,27.963359999999998
2016-04-28,26.481679999999997
2016-04-29,23.96282
2016-04-30,8.48599
2016-05-01,7.974130000000001
2016-05-02,25.36368
2016-05-03,23.27586
2016-05-04,23.42403
2016-05-05,4.49892
2016-05-06,5.347519999999999
2016-05-07,4.2699300000000004
2016-05-08,4.52586
2016-05-09,26.953120000000002
2016-05-10,29.79525
2016-05-11,29.2834
2016-05-12,32.8125
2016-05-13,25.875529999999998
2016-05-14,5.60344
2016-05-15,5.2262900000000005
2016-05-16,47.72359
2016-05-17,47.1848
2016-05-18,69.04633000000001
2016-05-19,55.684259999999995
2016-05-20,52.94989
2016-05-21,10.25053
2016-05-22,9.092130000000001
2016-05-23,49.5959
2016-05-24,59.22683000000001
2016-05-25,60.9375
2016-05-26,46.78071
2016-05-27,37.10937
2016-05-28,7.75862
2016-05-29,7.2737
2016-05-30,35.775859999999994
2016-05-31,35.34482
2016-06-01,33.809259999999995
2016-06-02,42.61853
2016-06-03,34.87338
2016-06-04,5.87284
2016-06-05,5.347519999999999
2016-06-06,6.5193900000000005
2016-06-07,32.69127
2016-06-08,35.88362
2016-06-09,36.1126
2016-06-10,27.92295
2016-06-11,7.57004
2016-06-12,7.09859
2016-06-13,31.074890000000003
2016-06-14,30.549559999999996
2016-06-15,28.93318
2016-06-16,34.388459999999995
2016-06-17,38.496759999999995
2016-06-18,6.936960000000001
2016-06-19,5.56303
2016-06-20,27.51885
2016-06-21,23.54525
2016-06-22,25.296329999999998
2016-06-23,23.49137
2016-06-24,27.060879999999997
2016-06-25,4.60668
2016-06-26,4.4585099999999995
2016-06-27,28.125
2016-06-28,27.2764
2016-06-29,31.1153
2016-06-30,47.11745
2016-07-01,27.1417
2016-07-02,6.640619999999999
2016-07-03,5.46875
2016-07-04,27.59967
2016-07-05,26.45474
2016-07-06,24.38038
2016-07-07,54.4181
2016-07-08,32.825959999999995
2016-07-09,6.49245
2016-07-10,5.56303
2016-07-11,29.06788
2016-07-12,31.128770000000003
2016-07-13,29.876070000000002
2016-07-14,27.182109999999998
2016-07-15,23.653010000000002
2016-07-16,5.7516099999999994
2016-07-17,4.66056
2016-07-18,23.6126
2016-07-19,24.69019
2016-07-20,22.65625
2016-07-21,22.73706
2016-07-22,21.12068
2016-07-23,4.24299
2016-07-24,4.79525
2016-07-25,23.58566
2016-07-26,24.36691
2016-07-27,23.19504
2016-07-28,22.03663
2016-07-29,20.99946
2016-07-30,4.9568900000000005
2016-07-31,8.94396
2016-08-01,23.08728
2016-08-02,18.89816
2016-08-03,20.77047
2016-08-04,19.55818
2016-08-05,16.6487
2016-08-06,4.66056
2016-08-07,3.98706
2016-08-08,19.719820000000002
2016-08-09,23.97629
2016-08-10,21.67295
2016-08-11,20.79741
2016-08-12,20.123920000000002
2016-08-13,4.05441
2016-08-14,3.4348
2016-08-15,4.83566
2016-08-16,18.44019
2016-08-17,18.628770000000003
2016-08-18,18.4806
2016-08-19,15.746220000000001
2016-08-20,4.1487
2016-08-21,3.87931
2016-08-22,18.844279999999998
2016-08-23,18.89816
2016-08-24,17.82058
2016-08-25,18.036089999999998
2016-08-26,19.26185
2016-08-27,5.80549
2016-08-28,4.82219
2016-08-29,23.18157
2016-08-30,18.49407
2016-08-31,20.43372
2016-09-01,18.52101
2016-09-02,19.7737
2016-09-03,4.8760699999999995
2016-09-04,4.1891099999999994
2016-09-05,28.825429999999997
2016-09-06,24.93265
2016-09-07,19.38308
2016-09-08,18.238139999999998
2016-09-09,18.50754
2016-09-10,4.67403
2016-09-11,3.8523699999999996
2016-09-12,19.410020000000003
2016-09-13,15.69234
2016-09-14,4.20258
2016-09-15,3.3001
2016-09-16,3.4752099999999997
2016-09-17,3.67726
2016-09-18,3.86584
2016-09-19,18.10344
2016-09-20,20.59536
2016-09-21,17.86099
2016-09-22,18.39978
2016-09-23,19.94881
2016-09-24,4.60668
2016-09-25,5.25323
2016-09-26,20.608829999999998
2016-09-27,22.35991
2016-09-28,19.30226
2016-09-29,19.9084
2016-09-30,22.61584
2016-10-01,7.138999999999999
2016-10-02,5.80549
2016-10-03,6.34428
2016-10-04,24.67672
2016-10-05,19.36961
2016-10-06,16.89116
2016-10-07,16.904629999999997
2016-10-08,4.74137
2016-10-09,3.67726
2016-10-10,16.95851
2016-10-11,17.09321
2016-10-12,16.37931
2016-10-13,16.74299
2016-10-14,15.94827
2016-10-15,5.19935
2016-10-16,4.37769
2016-10-17,17.61853
2016-10-18,16.13685
2016-10-19,17.03933
2016-10-20,14.91109
2016-10-21,14.0625
2016-10-22,3.50215
2016-10-23,3.94665
2016-10-24,13.415939999999999
2016-10-25,15.625
2016-10-26,14.7764
2016-10-27,16.05603
2016-10-28,13.7931
2016-10-29,4.37769
2016-10-30,3.8389
2016-10-31,13.941270000000001
2016-11-01,15.26131
2016-11-02,15.207429999999999
2016-11-03,14.803339999999999
2016-11-04,12.87715
2016-11-05,4.12176
2016-11-06,5.347519999999999
2016-11-07,17.34913
2016-11-08,15.46336
2016-11-09,19.47737
2016-11-10,20.44719
2016-11-11,17.33566
2016-11-12,3.5964400000000003
2016-11-13,3.8254300000000003
2016-11-14,17.72629
2016-11-15,18.31896
2016-11-16,20.15086
2016-11-17,16.419710000000002
2016-11-18,15.678870000000002
2016-11-19,4.64709
2016-11-20,4.25646
2016-11-21,16.85075
2016-11-22,15.82704
2016-11-23,14.964970000000001
2016-11-24,15.625
2016-11-25,13.69881
2016-11-26,4.1756400000000005
2016-11-27,3.96012
2016-11-28,13.99515
2016-11-29,14.38577
2016-11-30,14.12984
2016-12-01,13.200429999999999
2016-12-02,11.799560000000001
2016-12-03,3.4752099999999997
2016-12-04,3.7042
2016-12-05,13.267779999999998
2016-12-06,14.089429999999998
2016-12-07,13.415939999999999
2016-12-08,14.57435
2016-12-09,13.17349
2016-12-10,3.07112
2016-12-11,3.3001
2016-12-12,14.1029
2016-12-13,16.98545
2016-12-14,14.493529999999998
2016-12-15,15.01885
2016-12-16,14.99191
2016-12-17,3.86584
2016-12-18,3.5964400000000003
2016-12-19,14.493529999999998
2016-12-20,15.15355
2016-12-21,12.5404
2016-12-22,12.2306
2016-12-23,11.97467
2016-12-24,3.19234
2016-12-25,3.11153
2016-12-26,14.143310000000001
2016-12-27,14.722520000000001
2016-12-28,15.678870000000002
2016-12-29,15.19396
2016-12-30,7.75862
2016-12-31,4.02747
2017-01-01,4.4181
2017-01-02,15.36907
2017-01-03,16.39278
2017-01-04,14.9515
2017-01-05,15.42295
2017-01-06,14.48006
2017-01-07,4.08135
2017-01-08,4.43157
2017-01-09,15.28825
2017-01-10,15.988679999999999
2017-01-11,16.27155
2017-01-12,13.49676
2017-01-13,13.22737
2017-01-14,3.54256
2017-01-15,3.96012
2017-01-16,15.746220000000001
2017-01-17,28.1654
2017-01-18,19.827579999999998
2017-01-19,15.759689999999999
2017-01-20,13.5237
2017-01-21,4.9568900000000005
2017-01-22,5.7112
2017-01-23,24.08405
2017-01-24,23.316270000000003
2017-01-25,18.69612
2017-01-26,17.887929999999997
2017-01-27,3.4482699999999995
2017-01-28,3.17887
2017-01-29,3.52909
2017-01-30,4.1891099999999994
2017-01-31,18.30549
2017-02-01,17.47036
2017-02-02,16.74299
2017-02-03,14.7764
2017-02-04,5.18588
2017-02-05,6.26346
2017-02-06,29.094820000000002
2017-02-07,26.11799
2017-02-08,22.64278
2017-02-09,20.191270000000003
2017-02-10,19.27532
2017-02-11,4.20258
2017-02-12,4.4585099999999995
2017-02-13,20.25862
2017-02-14,17.87446
2017-02-15,22.1848
2017-02-16,18.68265
2017-02-17,23.72036
2017-02-18,5.630380000000001
2017-02-19,5.30711
2017-02-20,20.74353
2017-02-21,21.82112
2017-02-22,21.34967
2017-02-23,20.85129
2017-02-24,21.82112
2017-02-25,5.64385
2017-02-26,6.18265
2017-02-27,27.65355
2017-02-28,28.44827
2017-03-01,6.9908399999999995
2017-03-02,23.37015
2017-03-03,19.342670000000002
2017-03-04,4.91648
2017-03-05,4.62015
2017-03-06,31.35775
2017-03-07,25.94288
2017-03-08,24.70366
2017-03-09,22.54849
2017-03-10,23.54525
2017-03-11,4.75484
2017-03-12,4.62015
2017-03-13,24.38038
2017-03-14,22.13092
2017-03-15,25.28286
2017-03-16,23.316270000000003
2017-03-17,20.528010000000002
2017-03-18,4.35075
2017-03-19,3.96012
2017-03-20,18.13038
2017-03-21,19.53125
2017-03-22,22.467670000000002
2017-03-23,20.74353
2017-03-24,19.67941
2017-03-25,4.566269999999999
2017-03-26,3.91971
2017-03-27,22.575429999999997
2017-03-28,23.98976
2017-03-29,23.733829999999998
2017-03-30,24.434260000000002
2017-03-31,30.280170000000002
2017-04-01,6.26346
2017-04-02,5.3205800000000005
2017-04-03,30.226290000000002
2017-04-04,29.13523
2017-04-05,26.373920000000002
2017-04-06,22.52155
2017-04-07,22.73706
2017-04-08,5.36099
2017-04-09,6.07489
2017-04-10,24.488139999999998
2017-04-11,25.48491
2017-04-12,24.4612
2017-04-13,23.69342
2017-04-14,21.107210000000002
2017-04-15,4.32381
2017-04-16,4.47198
2017-04-17,23.32974
2017-04-18,21.82112
2017-04-19,20.79741
2017-04-20,20.08351
2017-04-21,17.59159
2017-04-22,3.8389
2017-04-23,3.05765
2017-04-24,18.063029999999998
2017-04-25,18.42672
2017-04-26,18.49407
2017-04-27,18.37284
2017-04-28,16.82381
2017-04-29,3.42133
2017-04-30,2.89601
2017-05-01,5.2262900000000005
2017-05-02,14.66864
2017-05-03,3.66379
2017-05-04,17.17403
2017-05-05,3.67726
2017-05-06,3.97359
2017-05-07,3.4348
2017-05-08,24.33997
2017-05-09,6.54633
2017-05-10,21.57866
2017-05-11,20.56842
2017-05-12,17.254839999999998
2017-05-13,3.4752099999999997
2017-05-14,3.5560300000000002
2017-05-15,18.561420000000002
2017-05-16,19.84105
2017-05-17,19.23491
2017-05-18,19.47737
2017-05-19,18.9251
2017-05-20,5.10506
2017-05-21,3.6907300000000003
2017-05-22,17.51077
2017-05-23,19.78717
2017-05-24,21.592129999999997
2017-05-25,22.54849
2017-05-26,20.25862
2017-05-27,5.95366
2017-05-28,5.5765
2017-05-29,22.25215
2017-05-30,24.19181
2017-05-31,27.747840000000004
2017-06-01,27.693959999999997
2017-06-02,19.76023
2017-06-03,4.52586
2017-06-04,4.1891099999999994
2017-06-05,21.52478
2017-06-06,6.6945
2017-06-07,22.171329999999998
2017-06-08,21.57866
2017-06-09,22.750529999999998
2017-06-10,8.79579
2017-06-11,5.899780000000001
2017-06-12,20.83782
2017-06-13,22.0501
2017-06-14,21.309260000000002
2017-06-15,19.88146
2017-06-16,17.53771
2017-06-17,4.9703599999999994
2017-06-18,4.16217
2017-06-19,18.265079999999998
2017-06-20,20.47413
2017-06-21,17.56465
2017-06-22,16.37931
2017-06-23,16.74299
2017-06-24,4.52586
2017-06-25,3.4752099999999997
2017-06-26,16.74299
2017-06-27,16.52747
2017-06-28,15.907860000000001
2017-06-29,15.82704
2017-06-30,15.3556
2017-07-01,3.81196
2017-07-02,3.5695
2017-07-03,13.617989999999999
2017-07-04,14.73599
2017-07-05,14.345360000000001
2017-07-06,13.644929999999999
2017-07-07,14.897620000000002
2017-07-08,3.54256
2017-07-09,3.52909
2017-07-10,14.547410000000001
2017-07-11,15.234370000000002
2017-07-12,14.426179999999999
2017-07-13,16.60829
2017-07-14,18.30549
2017-07-15,6.57327
2017-07-16,4.40463
2017-07-17,17.7667
2017-07-18,15.59806
2017-07-19,15.907860000000001
2017-07-20,23.76077
2017-07-21,22.91217
2017-07-22,4.80872
2017-07-23,4.31034
2017-07-24,20.3529
2017-07-25,18.31896
2017-07-26,18.265079999999998
2017-07-27,17.24137
2017-07-28,15.82704
2017-07-29,3.40786
2017-07-30,3.5560300000000002
2017-07-31,13.873920000000002
2017-08-01,15.301720000000001
2017-08-02,17.12015
2017-08-03,13.75269
2017-08-04,11.77262
2017-08-05,3.40786
2017-08-06,2.9633599999999998
2017-08-07,16.35237
2017-08-08,14.628229999999999
2017-08-09,14.27801
2017-08-10,14.830279999999998
2017-08-11,17.30872
2017-08-12,5.01077
2017-08-13,4.20258
2017-08-14,19.23491
2017-08-15,6.640619999999999
2017-08-16,19.07327
2017-08-17,18.13038
2017-08-18,16.6487
2017-08-19,3.8389
2017-08-20,3.66379
2017-08-21,18.13038
2017-08-22,22.723589999999998
2017-08-23,30.06465
2017-08-24,21.76724
2017-08-25,19.39655
2017-08-26,5.41487
2017-08-27,3.63685
2017-08-28,20.66271
2017-08-29,19.0598
2017-08-30,18.965510000000002
2017-08-31,22.64278
2017-09-01,18.669179999999997
2017-09-02,5.10506
2017-09-03,3.89278
2017-09-04,16.75646
2017-09-05,16.08297
2017-09-06,17.02586
2017-09-07,21.53825
2017-09-08,18.036089999999998
2017-09-09,4.43157
2017-09-10,5.02424
2017-09-11,20.56842
2017-09-12,20.191270000000003
2017-09-13,20.74353
2017-09-14,20.406779999999998
2017-09-15,16.904629999999997
2017-09-16,4.4181
2017-09-17,4.00053
2017-09-18,18.73653
2017-09-19,17.69935
2017-09-20,17.61853
2017-09-21,15.86745
2017-09-22,15.92133
2017-09-23,4.04094
2017-09-24,3.96012
2017-09-25,16.66217
2017-09-26,15.94827
2017-09-27,15.15355
2017-09-28,13.59105
2017-09-29,14.43965
2017-09-30,5.06465
2017-10-01,4.566269999999999
2017-10-02,4.62015
2017-10-03,3.87931
2017-10-04,3.5829699999999995
2017-10-05,3.7446099999999998
2017-10-06,3.50215
2017-10-07,5.899780000000001
2017-10-08,5.87284
2017-10-09,6.25
2017-10-10,21.7403
2017-10-11,23.1681
2017-10-12,21.188029999999998
2017-10-13,20.95905
2017-10-14,6.08836
2017-10-15,6.25
2017-10-16,20.05657
2017-10-17,28.731140000000003
2017-10-18,23.1681
2017-10-19,20.68965
2017-10-20,17.73976
2017-10-21,6.57327
2017-10-22,5.46875
2017-10-23,25.52532
2017-10-24,22.11745
2017-10-25,20.21821
2017-10-26,19.31573
2017-10-27,19.140620000000002
2017-10-28,6.27693
2017-10-29,5.67079
2017-10-30,20.44719
2017-10-31,19.719820000000002
2017-11-01,23.3028
2017-11-02,20.756999999999998
2017-11-03,22.49461
2017-11-04,7.01778
2017-11-05,7.09859
2017-11-06,29.97036
2017-11-07,27.9903
2017-11-08,36.36853
2017-11-09,41.83728
2017-11-10,44.71982
2017-11-11,10.73545
2017-11-12,10.70851
2017-11-13,47.68318
2017-11-14,66.62176
2017-11-15,55.185880000000004
2017-11-16,46.7403
2017-11-17,43.386309999999995
2017-11-18,11.54364
2017-11-19,11.54364
2017-11-20,47.8987
2017-11-21,44.34267
2017-11-22,39.601290000000006
2017-11-23,36.28771
2017-11-24,31.26346
2017-11-25,8.17618
2017-11-26,7.6643300000000005
2017-11-27,31.35775
2017-11-28,30.239759999999997
2017-11-29,30.33405
2017-11-30,29.57974
2017-12-01,26.23922
2017-12-02,7.3949300000000004
2017-12-03,8.01454
2017-12-04,27.46497
2017-12-05,26.84536
2017-12-06,26.06411
2017-12-07,25.40409
2017-12-08,22.10398
2017-12-09,5.29364
2017-12-10,4.79525
2017-12-11,22.844820000000002
2017-12-12,19.73329
2017-12-13,20.8917
2017-12-14,19.42349
2017-12-15,23.08728
2017-12-16,4.91648
2017-12-17,4.90301
2017-12-18,22.15786
2017-12-19,19.84105
2017-12-20,23.248920000000002
2017-12-21,21.390079999999998
2017-12-22,20.78394
2017-12-23,5.7112
2017-12-24,4.66056
2017-12-25,4.79525
2017-12-26,21.84806
2017-12-27,22.65625
2017-12-28,23.450960000000002
2017-12-29,10.16971
2017-12-30,5.10506
2017-12-31,3.7446099999999998
2018-01-01,5.42834
2018-01-02,24.33997
2018-01-03,28.515620000000002
2018-01-04,23.626070000000002
2018-01-05,23.828120000000002
2018-01-06,5.630380000000001
2018-01-07,5.347519999999999
2018-01-08,25.83512
2018-01-09,24.16487
2018-01-10,24.64978
2018-01-11,32.38146
2018-01-12,35.23706
2018-01-13,7.448810000000001
2018-01-14,6.33081
2018-01-15,31.14224
2018-01-16,29.512390000000003
2018-01-17,26.400859999999998
2018-01-18,28.89278
2018-01-19,37.89062
2018-01-20,7.960660000000001
2018-01-21,7.34105
2018-01-22,31.586740000000002
2018-01-23,30.58997
2018-01-24,29.014
2018-01-25,28.60991
2018-01-26,31.25
2018-01-27,8.41864
2018-01-28,7.09859
2018-01-29,31.35775
2018-01-30,35.81627
2018-01-31,40.261309999999995
2018-02-01,33.5264
2018-02-02,29.36422
2018-02-03,11.17995
2018-02-04,8.21659
2018-02-05,35.78933
2018-02-06,32.34105
2018-02-07,39.857209999999995
2018-02-08,35.06196
2018-02-09,28.60991
2018-02-10,6.6136800000000004
2018-02-11,5.94019
2018-02-12,44.59859
2018-02-13,37.01508
2018-02-14,27.82866
2018-02-15,6.14224
2018-02-16,5.078119999999999
2018-02-17,4.6875
2018-02-18,5.44181
2018-02-19,29.94342
2018-02-20,100.0
2018-02-21,66.28501999999999
2018-02-22,68.84428
2018-02-23,54.04094
2018-02-24,13.68534
2018-02-25,10.641160000000001
2018-02-26,42.29525
2018-02-27,39.9515
2018-02-28,35.73545
2018-03-01,13.739220000000001
2018-03-02,36.36853
2018-03-03,9.32112
2018-03-04,8.56681
2018-03-05,33.49946
2018-03-06,33.68803
2018-03-07,40.57112
2018-03-08,34.590509999999995
2018-03-09,37.28448
2018-03-10,7.947189999999999
2018-03-11,7.73168
2018-03-12,45.1778
2018-03-13,37.31142
2018-03-14,36.00484
2018-03-15,50.619609999999994
2018-03-16,40.90786
2018-03-17,7.82596
2018-03-18,7.20635
2018-03-19,33.10883
2018-03-20,33.74191
2018-03-21,34.02478
2018-03-22,39.1029
2018-03-23,34.132540000000006
2018-03-24,7.2198199999999995
2018-03-25,6.681030000000001
2018-03-26,33.1223
2018-03-27,32.2737
2018-03-28,29.512390000000003
2018-03-29,34.06519
2018-03-30,34.96767
2018-03-31,7.6778
2018-04-01,6.681030000000001
2018-04-02,31.209590000000002
2018-04-03,32.52963
2018-04-04,35.81627
2018-04-05,31.92349
2018-04-06,27.07435
2018-04-07,6.721439999999999
2018-04-08,5.96713
2018-04-09,34.80603
2018-04-10,41.28502
2018-04-11,44.638999999999996
2018-04-12,39.18372
2018-04-13,40.81357
2018-04-14,9.80603
2018-04-15,8.24353
2018-04-16,34.14601
2018-04-17,29.404629999999997
2018-04-18,29.404629999999997
2018-04-19,29.18911
2018-04-20,28.89278
2018-04-21,6.78879
2018-04-22,6.856139999999999
2018-04-23,26.5625
2018-04-24,26.387390000000003
2018-04-25,23.57219
2018-04-26,25.0
2018-04-27,23.19504
2018-04-28,5.7112
2018-04-29,5.99407
2018-04-30,23.7473
2018-05-01,10.35829
2018-05-02,25.498379999999997
2018-05-03,22.750529999999998
2018-05-04,21.107210000000002
2018-05-05,5.50915
2018-05-06,6.07489
2018-05-07,6.6945
2018-05-08,22.30603
2018-05-09,23.316270000000003
2018-05-10,21.61907
2018-05-11,21.161089999999998
2018-05-12,5.41487
2018-05-13,5.56303
2018-05-14,23.37015
2018-05-15,24.77101
2018-05-16,24.407320000000002
2018-05-17,24.17834
2018-05-18,22.80441
2018-05-19,5.56303
2018-05-20,5.68426
2018-05-21,19.1945
2018-05-22,6.62715
2018-05-23,19.248379999999997
2018-05-24,18.95204
2018-05-25,19.50431
2018-05-26,5.30711
2018-05-27,4.70096
2018-05-28,21.484370000000002
2018-05-29,20.94558
2018-05-30,18.669179999999997
2018-05-31,21.107210000000002
2018-06-01,19.66594
2018-06-02,5.80549
2018-06-03,5.28017
2018-06-04,20.16433
2018-06-05,20.24515
2018-06-06,6.80226
2018-06-07,18.87122
2018-06-08,15.746220000000001
2018-06-09,4.80872
2018-06-10,5.2262900000000005
2018-06-11,18.31896
2018-06-12,19.66594
2018-06-13,7.09859
2018-06-14,21.26885
2018-06-15,19.42349
2018-06-16,5.76508
2018-06-17,5.2262900000000005
2018-06-18,18.669179999999997
2018-06-19,18.89816
2018-06-20,17.9014
2018-06-21,16.87769
2018-06-22,16.15032
2018-06-23,6.667560000000001
2018-06-24,6.50592
2018-06-25,16.16379
2018-06-26,16.36584
2018-06-27,15.77316
2018-06-28,15.11314
2018-06-29,15.01885
2018-06-30,4.59321
2018-07-01,4.25646
2018-07-02,16.04256
2018-07-03,17.67241
2018-07-04,16.89116
2018-07-05,15.530710000000001
2018-07-06,15.3556
2018-07-07,5.30711
2018-07-08,5.68426
2018-07-09,19.78717
2018-07-10,17.41648
2018-07-11,15.301720000000001
2018-07-12,17.12015
2018-07-13,16.0695
2018-07-14,4.37769
2018-07-15,4.02747
2018-07-16,15.961739999999999
2018-07-17,16.56788
2018-07-18,16.04256
2018-07-19,15.328660000000001
2018-07-20,12.43265
2018-07-21,3.8523699999999996
2018-07-22,3.6099099999999997
2018-07-23,15.180489999999999
2018-07-24,16.36584
2018-07-25,14.03556
2018-07-26,15.126610000000001
2018-07-27,14.493529999999998
2018-07-28,3.5964400000000003
2018-07-29,3.81196
2018-07-30,15.759689999999999
2018-07-31,16.52747
2018-08-01,17.44342
2018-08-02,15.328660000000001
2018-08-03,16.621760000000002
2018-08-04,4.76831
2018-08-05,4.39116
2018-08-06,17.066270000000003
2018-08-07,15.9348
2018-08-08,17.3626
2018-08-09,14.12984
2018-08-10,13.846979999999999
2018-08-11,3.65032
2018-08-12,4.31034
2018-08-13,15.03232
2018-08-14,16.76993
2018-08-15,8.876610000000001
2018-08-16,23.20851
2018-08-17,21.17456
2018-08-18,7.704739999999999
2018-08-19,10.91056
2018-08-20,23.531779999999998
2018-08-21,20.54148
2018-08-22,18.22467
2018-08-23,18.063029999999998
2018-08-24,17.80711
2018-08-25,5.28017
2018-08-26,4.32381
2018-08-27,18.763460000000002
2018-08-28,18.85775
2018-08-29,16.419710000000002
2018-08-30,16.00215
2018-08-31,15.16702
2018-09-01,3.86584
2018-09-02,4.13523
2018-09-03,15.746220000000001
2018-09-04,16.82381
2018-09-05,18.2112
2018-09-06,16.9181
2018-09-07,15.126610000000001
2018-09-08,5.68426
2018-09-09,6.97737
2018-09-10,21.13415
2018-09-11,20.66271
2018-09-12,21.63254
2018-09-13,20.46066
2018-09-14,21.72683
2018-09-15,10.15625
2018-09-16,14.601289999999999
2018-09-17,18.44019
2018-09-18,19.38308
2018-09-19,17.87446
2018-09-20,16.285020000000003
2018-09-21,14.547410000000001
2018-09-22,4.64709
2018-09-23,3.54256
2018-09-24,5.347519999999999
2018-09-25,3.7311400000000003
2018-09-26,4.67403
2018-09-27,18.763460000000002
2018-09-28,18.57489
2018-09-29,8.60721
2018-09-30,7.960660000000001
2018-10-01,17.24137
2018-10-02,17.38954
2018-10-03,5.94019
2018-10-04,18.44019
2018-10-05,17.91487
2018-10-06,4.9703599999999994
2018-10-07,4.12176
2018-10-08,16.58135
2018-10-09,6.25
2018-10-10,19.57165
2018-10-11,18.73653
2018-10-12,18.4806
2018-10-13,4.64709
2018-10-14,4.40463
2018-10-15,16.75646
2018-10-16,16.66217
2018-10-17,18.13038
2018-10-18,16.7834
2018-10-19,17.376070000000002
2018-10-20,5.48221
2018-10-21,3.89278
2018-10-22,15.46336
2018-10-23,17.79364
2018-10-24,16.94504
2018-10-25,17.066270000000003
2018-10-26,18.49407
2018-10-27,4.90301
2018-10-28,4.43157
2018-10-29,20.325960000000002
2018-10-30,20.09698
2018-10-31,26.387390000000003
2018-11-01,23.935879999999997
2018-11-02,19.96228
2018-11-03,4.83566
2018-11-04,5.10506
2018-11-05,26.22575
2018-11-06,21.2015
2018-11-07,18.39978
2018-11-08,18.817339999999998
2018-11-09,17.01239
2018-11-10,4.849130000000001
2018-11-11,4.40463
2018-11-12,16.796870000000002
2018-11-13,17.0528
2018-11-14,18.036089999999998
2018-11-15,15.73275
2018-11-16,14.722520000000001
2018-11-17,4.067880000000001
2018-11-18,4.13523
2018-11-19,16.13685
2018-11-20,16.44665
2018-11-21,15.28825
2018-11-22,15.42295
2018-11-23,13.038789999999999
2018-11-24,4.05441
2018-11-25,3.6233800000000005
2018-11-26,17.887929999999997
2018-11-27,16.98545
2018-11-28,16.00215
2018-11-29,15.9348
2018-11-30,13.7931
2018-12-01,4.62015
2018-12-02,8.40517
2018-12-03,34.92726
2018-12-04,20.83782
2018-12-05,17.42995
2018-12-06,17.16056
2018-12-07,17.53771
2018-12-08,5.15894
2018-12-09,5.2262900000000005
2018-12-10,15.11314
2018-12-11,16.76993
2018-12-12,15.05926
2018-12-13,15.03232
2018-12-14,14.089429999999998
2018-12-15,5.49568
2018-12-16,4.00053
2018-12-17,17.09321
2018-12-18,24.35344
2018-12-19,18.38631
2018-12-20,18.37284
2018-12-21,17.56465
2018-12-22,5.37446
2018-12-23,4.013999999999999
2018-12-24,13.90086
2018-12-25,4.9703599999999994
2018-12-26,17.75323
2018-12-27,14.61476
2018-12-28,13.88739
2018-12-29,3.5560300000000002
2018-12-30,3.1654
2018-12-31,5.41487
2019-01-01,3.5829699999999995
2019-01-02,15.77316
2019-01-03,15.82704
2019-01-04,16.24461
2019-01-05,4.52586
2019-01-06,4.12176
2019-01-07,17.17403
2019-01-08,14.78987
2019-01-09,18.6153
2019-01-10,15.907860000000001
2019-01-11,14.1029
2019-01-12,4.21605
2019-01-13,3.97359
2019-01-14,13.968210000000001
2019-01-15,14.58782
2019-01-16,15.73275
2019-01-17,15.180489999999999
2019-01-18,14.07596
2019-01-19,4.51239
2019-01-20,4.2834
2019-01-21,14.27801
2019-01-22,16.36584
2019-01-23,15.51724
2019-01-24,17.066270000000003
2019-01-25,16.43318
2019-01-26,4.32381
2019-01-27,4.40463
2019-01-28,16.40625
2019-01-29,14.655170000000002
2019-01-30,15.03232
2019-01-31,15.503770000000001
2019-02-01,13.186960000000001
2019-02-02,4.70096
2019-02-03,3.50215
2019-02-04,3.20581
2019-02-05,3.50215
2019-02-06,3.66379
2019-02-07,16.10991
2019-02-08,22.48114
2019-02-09,6.22306
2019-02-10,4.92995
2019-02-11,19.625529999999998
2019-02-12,18.33243
2019-02-13,16.621760000000002
2019-02-14,19.0598
2019-02-15,15.92133
2019-02-16,5.02424
2019-02-17,4.9973
2019-02-18,18.22467
2019-02-19,17.95528
2019-02-20,15.853979999999998
2019-02-21,15.51724
2019-02-22,16.43318
2019-02-23,5.56303
2019-02-24,4.90301
2019-02-25,16.796870000000002
2019-02-26,17.887929999999997
2019-02-27,18.063029999999998
2019-02-28,17.96875
2019-03-01,27.03394
2019-03-02,44.10021
2019-03-03,19.12715
2019-03-04,24.67672
2019-03-05,26.966590000000004
2019-03-06,24.717129999999997
2019-03-07,20.25862
2019-03-08,15.409479999999999
2019-03-09,5.81896
2019-03-10,6.4385699999999995
2019-03-11,18.97898
2019-03-12,18.41325
2019-03-13,18.29202
2019-03-14,16.89116
2019-03-15,16.7834
2019-03-16,5.77855
2019-03-17,5.0511800000000004
2019-03-18,18.29202
2019-03-19,18.00915
2019-03-20,17.91487
2019-03-21,21.012929999999997
2019-03-22,17.7667
2019-03-23,5.0511800000000004
2019-03-24,4.8626
2019-03-25,26.912709999999997
2019-03-26,20.13739
2019-03-27,17.33566
2019-03-28,18.817339999999998
2019-03-29,17.21443
2019-03-30,6.411630000000001
2019-03-31,5.18588
2019-04-01,18.04956
2019-04-02,17.99568
2019-04-03,20.3125
2019-04-04,16.621760000000002
2019-04-05,16.43318
2019-04-06,5.50915
2019-04-07,7.960660000000001
2019-04-08,19.16756
2019-04-09,19.019389999999998
2019-04-10,19.12715
2019-04-11,18.30549
2019-04-12,16.904629999999997
2019-04-13,5.44181
2019-04-14,5.49568
2019-04-15,16.68911
2019-04-16,17.38954
2019-04-17,16.48706
2019-04-18,16.86422
2019-04-19,14.2376
2019-04-20,4.337280000000001
2019-04-21,4.43157
2019-04-22,17.1875
2019-04-23,18.184260000000002
2019-04-24,17.29525
2019-04-25,16.95851
2019-04-26,14.38577
2019-04-27,3.8523699999999996
2019-04-28,3.89278
2019-04-29,15.705810000000001
2019-04-30,14.26454
2019-05-01,6.0075400000000005
2019-05-02,13.68534
2019-05-03,12.56734
2019-05-04,4.22952
2019-05-05,3.31357
2019-05-06,4.9703599999999994
2019-05-07,14.35883
2019-05-08,13.712279999999998
2019-05-09,14.722520000000001
2019-05-10,13.63146
2019-05-11,4.76831
2019-05-12,5.078119999999999
2019-05-13,13.415939999999999
2019-05-14,14.655170000000002
2019-05-15,14.27801
2019-05-16,14.1029
2019-05-17,13.537170000000001
2019-05-18,4.1756400000000005
2019-05-19,3.66379
2019-05-20,14.81681
2019-05-21,15.82704
2019-05-22,14.58782
2019-05-23,14.33189
2019-05-24,12.86368
2019-05-25,4.4450400000000005
2019-05-26,4.3642199999999995
2019-05-27,12.91756
2019-05-28,15.907860000000001
2019-05-29,13.200429999999999
2019-05-30,12.984910000000001
2019-05-31,12.9445
2019-06-01,4.10829
2019-06-02,3.36745
2019-06-03,12.3653
2019-06-04,12.76939
2019-06-05,13.05226
2019-06-06,3.98706
2019-06-07,11.54364
2019-06-08,3.24622
2019-06-09,4.04094
2019-06-10,12.459589999999999
2019-06-11,13.95474
2019-06-12,14.81681
2019-06-13,16.76993
2019-06-14,15.97521
2019-06-15,3.96012
2019-06-16,3.36745
2019-06-17,14.0625
2019-06-18,16.2042
2019-06-19,15.853979999999998
2019-06-20,16.3389
2019-06-21,12.055489999999999
2019-06-22,2.8151900000000003
2019-06-23,3.20581
2019-06-24,13.308179999999998
2019-06-25,13.25431
2019-06-26,11.35506
2019-06-27,12.64816
2019-06-28,10.51993
2019-06-29,4.013999999999999
2019-06-30,3.4886800000000004
2019-07-01,15.81357
2019-07-02,13.57758
2019-07-03,13.335120000000002
2019-07-04,17.65894
2019-07-05,14.116370000000002
2019-07-06,3.7446099999999998
2019-07-07,4.1756400000000005
2019-07-08,13.941270000000001
2019-07-09,16.37931
2019-07-10,13.01185
2019-07-11,13.968210000000001
2019-07-12,12.27101
2019-07-13,3.6099099999999997
2019-07-14,3.27316
2019-07-15,15.0862
2019-07-16,14.41271
2019-07-17,13.968210000000001
2019-07-18,13.7931
2019-07-19,13.200429999999999
2019-07-20,3.5156199999999997
2019-07-21,3.67726
2019-07-22,11.435880000000001
2019-07-23,11.274239999999999
2019-07-24,10.92403
2019-07-25,11.624460000000001
2019-07-26,11.58405
2019-07-27,2.89601
2019-07-28,3.17887
2019-07-29,12.48653
2019-07-30,15.530710000000001
2019-07-31,12.72898
2019-08-01,12.44612
2019-08-02,13.29471
2019-08-03,3.66379
2019-08-04,3.5964400000000003
2019-08-05,15.9348
2019-08-06,18.89816
2019-08-07,18.54795
2019-08-08,19.88146
2019-08-09,15.746220000000001
2019-08-10,5.38793
2019-08-11,6.31734
2019-08-12,14.68211
2019-08-13,16.87769
2019-08-14,18.85775
2019-08-15,6.38469
2019-08-16,15.005379999999999
2019-08-17,4.57974
2019-08-18,4.2834
2019-08-19,19.18103
2019-08-20,19.15409
2019-08-21,18.88469
2019-08-22,16.09644
2019-08-23,15.14008
2019-08-24,4.05441
2019-08-25,3.91971
2019-08-26,15.3556
2019-08-27,16.36584
2019-08-28,18.04956
2019-08-29,14.27801
2019-08-30,14.116370000000002
2019-08-31,4.12176
2019-09-01,3.66379
2019-09-02,14.453120000000002
2019-09-03,15.880920000000001
2019-09-04,13.60452
2019-09-05,13.442879999999999
2019-09-06,12.39224
2019-09-07,3.78502
2019-09-08,3.3001
2019-09-09,12.71551
2019-09-10,12.14978
2019-09-11,12.14978
2019-09-12,3.40786
2019-09-13,2.76131
2019-09-14,2.6804900000000003
2019-09-15,3.31357
2019-09-16,15.099670000000001
2019-09-17,16.19073
2019-09-18,14.81681
2019-09-19,15.77316
2019-09-20,13.86045
2019-09-21,4.013999999999999
2019-09-22,3.50215
2019-09-23,15.19396
2019-09-24,14.35883
2019-09-25,12.66163
