날짜,종가,전일비,시가,고가,저가,거래량
2016-01-01,3205.0,15.0,3220.0,3270.0,3160.0,160385.0
2016-01-02,3205.0,15.0,3220.0,3270.0,3160.0,160385.0
2016-01-03,3205.0,15.0,3220.0,3270.0,3160.0,160385.0
2016-01-04,3120.0,85.0,3140.0,3190.0,3085.0,249321.0
2016-01-05,3120.0,0.0,3110.0,3155.0,3105.0,181345.0
2016-01-06,3065.0,55.0,3125.0,3145.0,3020.0,278854.0
2016-01-07,2995.0,70.0,3040.0,3070.0,2985.0,239562.0
2016-01-08,2930.0,65.0,2975.0,2980.0,2840.0,334523.0
2016-01-09,2930.0,65.0,2975.0,2980.0,2840.0,334523.0
2016-01-10,2930.0,65.0,2975.0,2980.0,2840.0,334523.0
2016-01-11,2930.0,0.0,2900.0,2935.0,2855.0,150900.0
2016-01-12,2865.0,65.0,2900.0,2950.0,2840.0,225833.0
2016-01-13,2900.0,35.0,2860.0,2930.0,2845.0,175862.0
2016-01-14,2840.0,60.0,2865.0,2870.0,2800.0,216259.0
2016-01-15,2675.0,165.0,2855.0,2905.0,2635.0,498661.0
2016-01-16,2675.0,165.0,2855.0,2905.0,2635.0,498661.0
2016-01-17,2675.0,165.0,2855.0,2905.0,2635.0,498661.0
2016-01-18,2670.0,5.0,2640.0,2740.0,2640.0,152553.0
2016-01-19,2600.0,70.0,2710.0,2710.0,2540.0,329119.0
2016-01-20,2525.0,75.0,2580.0,2615.0,2480.0,312824.0
2016-01-21,2635.0,110.0,2495.0,3250.0,2475.0,4679809.0
2016-01-22,2420.0,215.0,2510.0,2635.0,2365.0,4054792.0
2016-01-23,2420.0,215.0,2510.0,2635.0,2365.0,4054792.0
2016-01-24,2420.0,215.0,2510.0,2635.0,2365.0,4054792.0
2016-01-25,2445.0,25.0,2475.0,2510.0,2420.0,1349333.0
2016-01-26,2420.0,25.0,2410.0,2500.0,2385.0,1030632.0
2016-01-27,2455.0,35.0,2440.0,2545.0,2430.0,844560.0
2016-01-28,2530.0,75.0,2460.0,2540.0,2440.0,850199.0
2016-01-29,2560.0,30.0,2565.0,2580.0,2500.0,615449.0
2016-01-30,2560.0,30.0,2565.0,2580.0,2500.0,615449.0
2016-01-31,2560.0,30.0,2565.0,2580.0,2500.0,615449.0
2016-02-01,2575.0,15.0,2570.0,2575.0,2515.0,388719.0
2016-02-02,2535.0,40.0,2570.0,2570.0,2500.0,266101.0
2016-02-03,2480.0,55.0,2500.0,2530.0,2440.0,269334.0
2016-02-04,2595.0,115.0,2505.0,2610.0,2480.0,545187.0
2016-02-05,2675.0,80.0,2550.0,2725.0,2550.0,668427.0
2016-02-06,2675.0,80.0,2550.0,2725.0,2550.0,668427.0
2016-02-07,2675.0,80.0,2550.0,2725.0,2550.0,668427.0
2016-02-08,2675.0,80.0,2550.0,2725.0,2550.0,668427.0
2016-02-09,2675.0,80.0,2550.0,2725.0,2550.0,668427.0
2016-02-10,2675.0,80.0,2550.0,2725.0,2550.0,668427.0
2016-02-11,2580.0,95.0,2600.0,2640.0,2570.0,339629.0
2016-02-12,2570.0,10.0,2580.0,2655.0,2485.0,404301.0
2016-02-13,2570.0,10.0,2580.0,2655.0,2485.0,404301.0
2016-02-14,2570.0,10.0,2580.0,2655.0,2485.0,404301.0
2016-02-15,2750.0,180.0,2635.0,2810.0,2620.0,380844.0
2016-02-16,2755.0,5.0,2780.0,2800.0,2700.0,293836.0
2016-02-17,2780.0,25.0,2745.0,2830.0,2720.0,278557.0
2016-02-18,2815.0,35.0,2830.0,2890.0,2790.0,377443.0
2016-02-19,2825.0,10.0,2830.0,2850.0,2785.0,170619.0
2016-02-20,2825.0,10.0,2830.0,2850.0,2785.0,170619.0
2016-02-21,2825.0,10.0,2830.0,2850.0,2785.0,170619.0
2016-02-22,2775.0,50.0,2825.0,2835.0,2740.0,194798.0
2016-02-23,2960.0,185.0,2785.0,3050.0,2785.0,804700.0
2016-02-24,3100.0,140.0,3150.0,3560.0,3060.0,3534715.0
2016-02-25,3060.0,40.0,3150.0,3165.0,3045.0,648842.0
2016-02-26,3110.0,50.0,3060.0,3145.0,3010.0,451749.0
2016-02-27,3110.0,50.0,3060.0,3145.0,3010.0,451749.0
2016-02-28,3110.0,50.0,3060.0,3145.0,3010.0,451749.0
2016-02-29,3205.0,95.0,3105.0,3205.0,3105.0,378894.0
2016-03-01,3205.0,95.0,3105.0,3205.0,3105.0,378894.0
2016-03-02,3255.0,50.0,3250.0,3420.0,3180.0,1534942.0
2016-03-03,3365.0,110.0,3290.0,3390.0,3215.0,897490.0
2016-03-04,3390.0,25.0,3350.0,3405.0,3315.0,613545.0
2016-03-05,3390.0,25.0,3350.0,3405.0,3315.0,613545.0
2016-03-06,3390.0,25.0,3350.0,3405.0,3315.0,613545.0
2016-03-07,3665.0,275.0,3405.0,3935.0,3390.0,3016572.0
2016-03-08,3655.0,10.0,3700.0,3770.0,3540.0,1020831.0
2016-03-09,3645.0,10.0,3705.0,3705.0,3585.0,366295.0
2016-03-10,3620.0,25.0,3650.0,3650.0,3540.0,449632.0
2016-03-11,3535.0,85.0,3620.0,3645.0,3500.0,507357.0
2016-03-12,3535.0,85.0,3620.0,3645.0,3500.0,507357.0
2016-03-13,3535.0,85.0,3620.0,3645.0,3500.0,507357.0
2016-03-14,3410.0,125.0,3500.0,3550.0,3405.0,519702.0
2016-03-15,3370.0,40.0,3450.0,3450.0,3340.0,298054.0
2016-03-16,3370.0,0.0,3340.0,3415.0,3320.0,276154.0
2016-03-17,3480.0,110.0,3415.0,3535.0,3360.0,486998.0
2016-03-18,3495.0,15.0,3480.0,3515.0,3385.0,411730.0
2016-03-19,3495.0,15.0,3480.0,3515.0,3385.0,411730.0
2016-03-20,3495.0,15.0,3480.0,3515.0,3385.0,411730.0
2016-03-21,3375.0,120.0,3465.0,3480.0,3365.0,433941.0
2016-03-22,3525.0,150.0,3400.0,3550.0,3380.0,486271.0
2016-03-23,3485.0,40.0,3545.0,3555.0,3445.0,257717.0
2016-03-24,3400.0,85.0,3500.0,3505.0,3400.0,308529.0
2016-03-25,3370.0,30.0,3370.0,3440.0,3315.0,289738.0
2016-03-26,3370.0,30.0,3370.0,3440.0,3315.0,289738.0
2016-03-27,3370.0,30.0,3370.0,3440.0,3315.0,289738.0
2016-03-28,3350.0,20.0,3370.0,3380.0,3300.0,194560.0
2016-03-29,3480.0,130.0,3355.0,3525.0,3350.0,686599.0
2016-03-30,3445.0,35.0,3500.0,3500.0,3430.0,214388.0
2016-03-31,3450.0,5.0,3450.0,3485.0,3430.0,213670.0
2016-04-01,3340.0,110.0,3450.0,3465.0,3295.0,317458.0
2016-04-02,3340.0,110.0,3450.0,3465.0,3295.0,317458.0
2016-04-03,3340.0,110.0,3450.0,3465.0,3295.0,317458.0
2016-04-04,3345.0,5.0,3340.0,3380.0,3325.0,174252.0
2016-04-05,3225.0,120.0,3330.0,3330.0,3170.0,342393.0
2016-04-06,3390.0,165.0,3265.0,3400.0,3245.0,405911.0
2016-04-07,3530.0,140.0,3400.0,3580.0,3355.0,976336.0
2016-04-08,3575.0,45.0,3500.0,3580.0,3440.0,390132.0
2016-04-09,3575.0,45.0,3500.0,3580.0,3440.0,390132.0
2016-04-10,3575.0,45.0,3500.0,3580.0,3440.0,390132.0
2016-04-11,3695.0,120.0,3600.0,3730.0,3600.0,699835.0
2016-04-12,4110.0,415.0,3700.0,4285.0,3630.0,4851405.0
2016-04-13,4110.0,415.0,3700.0,4285.0,3630.0,4851405.0
2016-04-14,4410.0,300.0,4205.0,4460.0,4120.0,3306588.0
2016-04-15,4470.0,60.0,4410.0,4620.0,4295.0,1703670.0
2016-04-16,4470.0,60.0,4410.0,4620.0,4295.0,1703670.0
2016-04-17,4470.0,60.0,4410.0,4620.0,4295.0,1703670.0
2016-04-18,4415.0,55.0,4400.0,4475.0,4270.0,971873.0
2016-04-19,4655.0,240.0,4570.0,5020.0,4435.0,5688890.0
2016-04-20,4420.0,235.0,4800.0,4855.0,4385.0,2748286.0
2016-04-21,4445.0,25.0,4510.0,4535.0,4390.0,1169398.0
2016-04-22,4350.0,95.0,4325.0,4425.0,4325.0,730210.0
2016-04-23,4350.0,95.0,4325.0,4425.0,4325.0,730210.0
2016-04-24,4350.0,95.0,4325.0,4425.0,4325.0,730210.0
2016-04-25,4280.0,70.0,4350.0,4360.0,4165.0,903628.0
2016-04-26,4260.0,20.0,4175.0,4390.0,4125.0,746143.0
2016-04-27,4370.0,110.0,4220.0,4425.0,4180.0,698018.0
2016-04-28,4380.0,10.0,4380.0,4430.0,4260.0,699978.0
2016-04-29,4305.0,75.0,4415.0,4415.0,4205.0,348693.0
2016-04-30,4305.0,75.0,4415.0,4415.0,4205.0,348693.0
2016-05-01,4305.0,75.0,4415.0,4415.0,4205.0,348693.0
2016-05-02,4190.0,115.0,4310.0,4310.0,4180.0,336388.0
2016-05-03,4265.0,75.0,4195.0,4295.0,4190.0,328313.0
2016-05-04,4290.0,25.0,4250.0,4300.0,4190.0,889993.0
2016-05-05,4290.0,25.0,4250.0,4300.0,4190.0,889993.0
2016-05-06,4290.0,25.0,4250.0,4300.0,4190.0,889993.0
2016-05-07,4290.0,25.0,4250.0,4300.0,4190.0,889993.0
2016-05-08,4290.0,25.0,4250.0,4300.0,4190.0,889993.0
2016-05-09,4270.0,20.0,4785.0,4890.0,4240.0,2740182.0
2016-05-10,4330.0,60.0,4290.0,4510.0,4290.0,792278.0
2016-05-11,4140.0,190.0,4400.0,4400.0,4135.0,786677.0
2016-05-12,3760.0,380.0,3820.0,3865.0,3690.0,15275443.0
2016-05-13,3780.0,20.0,3845.0,3850.0,3760.0,2007377.0
2016-05-14,3780.0,20.0,3845.0,3850.0,3760.0,2007377.0
2016-05-15,3780.0,20.0,3845.0,3850.0,3760.0,2007377.0
2016-05-16,3725.0,55.0,3750.0,3780.0,3580.0,1302532.0
2016-05-17,3620.0,105.0,3730.0,3760.0,3600.0,870668.0
2016-05-18,3560.0,60.0,3610.0,3630.0,3445.0,1354468.0
2016-05-19,3400.0,160.0,3505.0,3540.0,3335.0,1549376.0
2016-05-20,3510.0,110.0,3390.0,3525.0,3360.0,995436.0
2016-05-21,3510.0,110.0,3390.0,3525.0,3360.0,995436.0
2016-05-22,3510.0,110.0,3390.0,3525.0,3360.0,995436.0
2016-05-23,3440.0,70.0,3510.0,3550.0,3390.0,862913.0
2016-05-24,3375.0,65.0,3505.0,3510.0,3350.0,842309.0
2016-05-25,3385.0,10.0,3410.0,3480.0,3360.0,698590.0
2016-05-26,3390.0,5.0,3400.0,3410.0,3200.0,1128075.0
2016-05-27,3410.0,20.0,3425.0,3445.0,3345.0,542340.0
2016-05-28,3410.0,20.0,3425.0,3445.0,3345.0,542340.0
2016-05-29,3410.0,20.0,3425.0,3445.0,3345.0,542340.0
2016-05-30,3415.0,5.0,3420.0,3465.0,3400.0,444605.0
2016-05-31,3465.0,50.0,3415.0,3550.0,3415.0,1396018.0
2016-06-01,3630.0,165.0,3550.0,3740.0,3535.0,1655676.0
2016-06-02,3600.0,30.0,3650.0,3705.0,3585.0,803945.0
2016-06-03,3650.0,50.0,3605.0,3700.0,3595.0,713689.0
2016-06-04,3650.0,50.0,3605.0,3700.0,3595.0,713689.0
2016-06-05,3650.0,50.0,3605.0,3700.0,3595.0,713689.0
2016-06-06,3650.0,50.0,3605.0,3700.0,3595.0,713689.0
2016-06-07,3655.0,5.0,3660.0,3710.0,3605.0,508951.0
2016-06-08,3700.0,45.0,3655.0,3770.0,3605.0,772090.0
2016-06-09,3785.0,85.0,3740.0,3890.0,3680.0,2363688.0
2016-06-10,3760.0,25.0,3780.0,3790.0,3720.0,377550.0
2016-06-11,3760.0,25.0,3780.0,3790.0,3720.0,377550.0
2016-06-12,3760.0,25.0,3780.0,3790.0,3720.0,377550.0
2016-06-13,3570.0,190.0,3700.0,3700.0,3565.0,826574.0
2016-06-14,3535.0,35.0,3565.0,3580.0,3480.0,566077.0
2016-06-15,3480.0,55.0,3535.0,3550.0,3475.0,335481.0
2016-06-16,3345.0,135.0,3485.0,3535.0,3340.0,731442.0
2016-06-17,3580.0,235.0,3415.0,3755.0,3415.0,1295334.0
2016-06-18,3580.0,235.0,3415.0,3755.0,3415.0,1295334.0
2016-06-19,3580.0,235.0,3415.0,3755.0,3415.0,1295334.0
2016-06-20,3645.0,65.0,3650.0,3695.0,3585.0,567727.0
2016-06-21,3665.0,20.0,3700.0,3700.0,3570.0,548478.0
2016-06-22,3815.0,150.0,3695.0,3845.0,3690.0,1469448.0
2016-06-23,3850.0,35.0,3810.0,3885.0,3755.0,1038217.0
2016-06-24,3505.0,345.0,3910.0,3925.0,3355.0,2438041.0
2016-06-25,3505.0,345.0,3910.0,3925.0,3355.0,2438041.0
2016-06-26,3505.0,345.0,3910.0,3925.0,3355.0,2438041.0
2016-06-27,3435.0,70.0,3330.0,3515.0,3330.0,1256328.0
2016-06-28,3520.0,85.0,3370.0,3525.0,3370.0,785945.0
2016-06-29,3685.0,165.0,3530.0,3700.0,3530.0,791152.0
2016-06-30,3610.0,75.0,3705.0,3730.0,3520.0,671791.0
2016-07-01,3750.0,140.0,3710.0,3765.0,3680.0,604882.0
2016-07-02,3750.0,140.0,3710.0,3765.0,3680.0,604882.0
2016-07-03,3750.0,140.0,3710.0,3765.0,3680.0,604882.0
2016-07-04,3845.0,95.0,3800.0,3920.0,3770.0,1157664.0
2016-07-05,4100.0,255.0,4170.0,4500.0,4070.0,7195594.0
2016-07-06,4295.0,195.0,4150.0,4300.0,4100.0,3149156.0
2016-07-07,4280.0,15.0,4350.0,4410.0,4260.0,1945991.0
2016-07-08,4170.0,110.0,4215.0,4320.0,4115.0,1224461.0
2016-07-09,4170.0,110.0,4215.0,4320.0,4115.0,1224461.0
2016-07-10,4170.0,110.0,4215.0,4320.0,4115.0,1224461.0
2016-07-11,4250.0,80.0,4295.0,4365.0,4220.0,1174550.0
2016-07-12,4315.0,65.0,4210.0,4330.0,4165.0,932616.0
2016-07-13,4310.0,5.0,4380.0,4395.0,4275.0,986238.0
2016-07-14,4290.0,20.0,4280.0,4335.0,4245.0,439185.0
2016-07-15,4255.0,35.0,4350.0,4400.0,4210.0,1004825.0
2016-07-16,4255.0,35.0,4350.0,4400.0,4210.0,1004825.0
2016-07-17,4255.0,35.0,4350.0,4400.0,4210.0,1004825.0
2016-07-18,4505.0,250.0,4210.0,4630.0,4210.0,2164203.0
2016-07-19,4455.0,50.0,4600.0,4610.0,4390.0,1907004.0
2016-07-20,4400.0,55.0,4450.0,4465.0,4385.0,672505.0
2016-07-21,4400.0,0.0,4400.0,4440.0,4330.0,639355.0
2016-07-22,4395.0,5.0,4370.0,4450.0,4350.0,457861.0
2016-07-23,4395.0,5.0,4370.0,4450.0,4350.0,457861.0
2016-07-24,4395.0,5.0,4370.0,4450.0,4350.0,457861.0
2016-07-25,4430.0,35.0,4440.0,4500.0,4400.0,815551.0
2016-07-26,4475.0,45.0,4410.0,4500.0,4375.0,780217.0
2016-07-27,4495.0,20.0,4485.0,4550.0,4450.0,1030119.0
2016-07-28,4600.0,105.0,4505.0,4615.0,4490.0,1133575.0
2016-07-29,4525.0,75.0,4590.0,4600.0,4500.0,647880.0
2016-07-30,4525.0,75.0,4590.0,4600.0,4500.0,647880.0
2016-07-31,4525.0,75.0,4590.0,4600.0,4500.0,647880.0
2016-08-01,4500.0,25.0,4555.0,4560.0,4480.0,460669.0
2016-08-02,4430.0,70.0,4500.0,4520.0,4415.0,535448.0
2016-08-03,4290.0,140.0,4420.0,4435.0,4260.0,640854.0
2016-08-04,4310.0,20.0,4325.0,4410.0,4300.0,418883.0
2016-08-05,4750.0,440.0,4370.0,4795.0,4330.0,3632013.0
2016-08-06,4750.0,440.0,4370.0,4795.0,4330.0,3632013.0
2016-08-07,4750.0,440.0,4370.0,4795.0,4330.0,3632013.0
2016-08-08,4725.0,25.0,4820.0,4935.0,4715.0,1799775.0
2016-08-09,4790.0,65.0,4725.0,4840.0,4640.0,838847.0
2016-08-10,4770.0,20.0,4760.0,4820.0,4725.0,652150.0
2016-08-11,4815.0,45.0,4740.0,4855.0,4710.0,620379.0
2016-08-12,4845.0,30.0,4840.0,4890.0,4780.0,670533.0
2016-08-13,4845.0,30.0,4840.0,4890.0,4780.0,670533.0
2016-08-14,4845.0,30.0,4840.0,4890.0,4780.0,670533.0
2016-08-15,4845.0,30.0,4840.0,4890.0,4780.0,670533.0
2016-08-16,4780.0,65.0,4875.0,4925.0,4780.0,929148.0
2016-08-17,4690.0,90.0,4780.0,4790.0,4585.0,807725.0
2016-08-18,4785.0,95.0,4690.0,4800.0,4625.0,525426.0
2016-08-19,4740.0,45.0,4790.0,4845.0,4730.0,471435.0
2016-08-20,4740.0,45.0,4790.0,4845.0,4730.0,471435.0
2016-08-21,4740.0,45.0,4790.0,4845.0,4730.0,471435.0
2016-08-22,4615.0,125.0,4740.0,4750.0,4595.0,506003.0
2016-08-23,4625.0,10.0,4640.0,4655.0,4580.0,271467.0
2016-08-24,4630.0,5.0,4700.0,4720.0,4610.0,458463.0
2016-08-25,4630.0,0.0,4680.0,4680.0,4620.0,295274.0
2016-08-26,4450.0,180.0,4630.0,4635.0,4445.0,733789.0
2016-08-27,4450.0,180.0,4630.0,4635.0,4445.0,733789.0
2016-08-28,4450.0,180.0,4630.0,4635.0,4445.0,733789.0
2016-08-29,4320.0,130.0,4390.0,4410.0,4260.0,605548.0
2016-08-30,4300.0,20.0,4350.0,4455.0,4295.0,510345.0
2016-08-31,4465.0,165.0,4305.0,4490.0,4275.0,821406.0
2016-09-01,4440.0,25.0,4410.0,4500.0,4395.0,306232.0
2016-09-02,4490.0,50.0,4500.0,4520.0,4375.0,282402.0
2016-09-03,4490.0,50.0,4500.0,4520.0,4375.0,282402.0
2016-09-04,4490.0,50.0,4500.0,4520.0,4375.0,282402.0
2016-09-05,4745.0,255.0,4550.0,4760.0,4530.0,648574.0
2016-09-06,4670.0,75.0,4760.0,4805.0,4650.0,680194.0
2016-09-07,4715.0,45.0,4685.0,4800.0,4645.0,671217.0
2016-09-08,4725.0,10.0,4790.0,4790.0,4670.0,567932.0
2016-09-09,4705.0,20.0,4805.0,4840.0,4650.0,1276416.0
2016-09-10,4705.0,20.0,4805.0,4840.0,4650.0,1276416.0
2016-09-11,4705.0,20.0,4805.0,4840.0,4650.0,1276416.0
2016-09-12,4430.0,275.0,4590.0,4590.0,4380.0,623282.0
2016-09-13,4440.0,10.0,4520.0,4580.0,4415.0,448081.0
2016-09-14,4440.0,10.0,4520.0,4580.0,4415.0,448081.0
2016-09-15,4440.0,10.0,4520.0,4580.0,4415.0,448081.0
2016-09-16,4440.0,10.0,4520.0,4580.0,4415.0,448081.0
2016-09-17,4440.0,10.0,4520.0,4580.0,4415.0,448081.0
2016-09-18,4440.0,10.0,4520.0,4580.0,4415.0,448081.0
2016-09-19,4565.0,125.0,4490.0,4565.0,4410.0,567807.0
2016-09-20,4500.0,65.0,4565.0,4565.0,4480.0,388611.0
2016-09-21,4395.0,105.0,4465.0,4495.0,4335.0,626445.0
2016-09-22,4385.0,10.0,4430.0,4455.0,4355.0,481352.0
2016-09-23,4365.0,20.0,4395.0,4440.0,4350.0,468130.0
2016-09-24,4365.0,20.0,4395.0,4440.0,4350.0,468130.0
2016-09-25,4365.0,20.0,4395.0,4440.0,4350.0,468130.0
2016-09-26,4340.0,25.0,4355.0,4400.0,4285.0,401654.0
2016-09-27,4230.0,110.0,4300.0,4310.0,4145.0,1060354.0
2016-09-28,4195.0,35.0,4290.0,4290.0,4175.0,733430.0
2016-09-29,4280.0,85.0,4250.0,4380.0,4220.0,561383.0
2016-09-30,4235.0,45.0,4270.0,4310.0,4210.0,293828.0
2016-10-01,4235.0,45.0,4270.0,4310.0,4210.0,293828.0
2016-10-02,4235.0,45.0,4270.0,4310.0,4210.0,293828.0
2016-10-03,4235.0,45.0,4270.0,4310.0,4210.0,293828.0
2016-10-04,4195.0,40.0,4235.0,4330.0,4185.0,423010.0
2016-10-05,4145.0,50.0,4130.0,4225.0,4130.0,433804.0
2016-10-06,4265.0,120.0,4170.0,4295.0,4155.0,494776.0
2016-10-07,4060.0,205.0,4295.0,4310.0,4060.0,882882.0
2016-10-08,4060.0,205.0,4295.0,4310.0,4060.0,882882.0
2016-10-09,4060.0,205.0,4295.0,4310.0,4060.0,882882.0
2016-10-10,3630.0,430.0,3675.0,3845.0,3560.0,3241191.0
2016-10-11,3455.0,175.0,3630.0,3660.0,3445.0,2152779.0
2016-10-12,3555.0,100.0,3465.0,3580.0,3460.0,1309075.0
2016-10-13,3490.0,65.0,3540.0,3575.0,3465.0,894377.0
2016-10-14,3540.0,50.0,3620.0,3730.0,3515.0,1349776.0
2016-10-15,3540.0,50.0,3620.0,3730.0,3515.0,1349776.0
2016-10-16,3540.0,50.0,3620.0,3730.0,3515.0,1349776.0
2016-10-17,3500.0,40.0,3540.0,3570.0,3445.0,462891.0
2016-10-18,3510.0,10.0,3495.0,3520.0,3420.0,316262.0
2016-10-19,3485.0,25.0,3525.0,3550.0,3470.0,278520.0
2016-10-20,3490.0,5.0,3490.0,3515.0,3465.0,312811.0
2016-10-21,3550.0,60.0,3485.0,3570.0,3480.0,343473.0
2016-10-22,3550.0,60.0,3485.0,3570.0,3480.0,343473.0
2016-10-23,3550.0,60.0,3485.0,3570.0,3480.0,343473.0
2016-10-24,3740.0,190.0,3585.0,3740.0,3560.0,775333.0
2016-10-25,3700.0,40.0,3770.0,3770.0,3605.0,529655.0
2016-10-26,3680.0,20.0,3660.0,3730.0,3585.0,517450.0
2016-10-27,3690.0,10.0,3670.0,3730.0,3640.0,227755.0
2016-10-28,3700.0,10.0,3725.0,3730.0,3660.0,292790.0
2016-10-29,3700.0,10.0,3725.0,3730.0,3660.0,292790.0
2016-10-30,3700.0,10.0,3725.0,3730.0,3660.0,292790.0
2016-10-31,3530.0,170.0,3680.0,3735.0,3530.0,505469.0
2016-11-01,3690.0,160.0,3540.0,3735.0,3540.0,477237.0
2016-11-02,3770.0,80.0,3690.0,3880.0,3670.0,891190.0
2016-11-03,3690.0,80.0,3770.0,3820.0,3660.0,400642.0
2016-11-04,3605.0,85.0,3695.0,3710.0,3595.0,323729.0
2016-11-05,3605.0,85.0,3695.0,3710.0,3595.0,323729.0
2016-11-06,3605.0,85.0,3695.0,3710.0,3595.0,323729.0
2016-11-07,3685.0,80.0,3670.0,3730.0,3640.0,476052.0
2016-11-08,3670.0,15.0,3705.0,3740.0,3610.0,356926.0
2016-11-09,3395.0,275.0,3660.0,3700.0,3100.0,1569248.0
2016-11-10,3625.0,230.0,3510.0,3720.0,3500.0,1183156.0
2016-11-11,3845.0,220.0,3715.0,3865.0,3625.0,1275387.0
2016-11-12,3845.0,220.0,3715.0,3865.0,3625.0,1275387.0
2016-11-13,3845.0,220.0,3715.0,3865.0,3625.0,1275387.0
2016-11-14,4075.0,230.0,3880.0,4265.0,3880.0,3786845.0
2016-11-15,4015.0,60.0,4010.0,4100.0,3880.0,1261747.0
2016-11-16,4010.0,5.0,4000.0,4040.0,3935.0,592280.0
2016-11-17,4010.0,0.0,3935.0,4105.0,3935.0,761271.0
2016-11-18,3600.0,410.0,3995.0,4000.0,3555.0,2118510.0
2016-11-19,3600.0,410.0,3995.0,4000.0,3555.0,2118510.0
2016-11-20,3600.0,410.0,3995.0,4000.0,3555.0,2118510.0
2016-11-21,3485.0,115.0,3565.0,3625.0,3475.0,949211.0
2016-11-22,3505.0,20.0,3525.0,3540.0,3375.0,774087.0
2016-11-23,3390.0,115.0,3465.0,3470.0,3385.0,717066.0
2016-11-24,3220.0,170.0,3375.0,3410.0,3220.0,926604.0
2016-11-25,3160.0,60.0,3210.0,3265.0,3135.0,846415.0
2016-11-26,3160.0,60.0,3210.0,3265.0,3135.0,846415.0
2016-11-27,3160.0,60.0,3210.0,3265.0,3135.0,846415.0
2016-11-28,3055.0,105.0,3180.0,3180.0,3030.0,601321.0
2016-11-29,3080.0,25.0,3050.0,3130.0,3040.0,493849.0
2016-11-30,3040.0,40.0,3055.0,3095.0,2980.0,735148.0
2016-12-01,3140.0,100.0,3065.0,3180.0,3050.0,564751.0
2016-12-02,3075.0,65.0,3140.0,3165.0,3065.0,350228.0
2016-12-03,3075.0,65.0,3140.0,3165.0,3065.0,350228.0
2016-12-04,3075.0,65.0,3140.0,3165.0,3065.0,350228.0
2016-12-05,3085.0,10.0,3085.0,3130.0,3005.0,286745.0
2016-12-06,3185.0,100.0,3110.0,3215.0,3105.0,374063.0
2016-12-07,3175.0,10.0,3185.0,3205.0,3130.0,295165.0
2016-12-08,3180.0,5.0,3175.0,3215.0,3145.0,345947.0
2016-12-09,3190.0,10.0,3175.0,3255.0,3150.0,357012.0
2016-12-10,3190.0,10.0,3175.0,3255.0,3150.0,357012.0
2016-12-11,3190.0,10.0,3175.0,3255.0,3150.0,357012.0
2016-12-12,3285.0,95.0,3290.0,3295.0,3210.0,325573.0
2016-12-13,3310.0,25.0,3285.0,3330.0,3245.0,378734.0
2016-12-14,3230.0,80.0,3320.0,3330.0,3130.0,340999.0
2016-12-15,3270.0,40.0,3210.0,3285.0,3145.0,240199.0
2016-12-16,3210.0,60.0,3270.0,3290.0,3200.0,252685.0
2016-12-17,3210.0,60.0,3270.0,3290.0,3200.0,252685.0
2016-12-18,3210.0,60.0,3270.0,3290.0,3200.0,252685.0
2016-12-19,3240.0,30.0,3215.0,3260.0,3190.0,185994.0
2016-12-20,3255.0,15.0,3210.0,3315.0,3210.0,337590.0
2016-12-21,3250.0,5.0,3260.0,3300.0,3235.0,214399.0
2016-12-22,3220.0,30.0,3275.0,3275.0,3210.0,161693.0
2016-12-23,3260.0,40.0,3220.0,3290.0,3190.0,229621.0
2016-12-24,3260.0,40.0,3220.0,3290.0,3190.0,229621.0
2016-12-25,3260.0,40.0,3220.0,3290.0,3190.0,229621.0
2016-12-26,3265.0,5.0,3245.0,3290.0,3230.0,218994.0
2016-12-27,3330.0,65.0,3265.0,3360.0,3265.0,433384.0
2016-12-28,3330.0,0.0,3350.0,3410.0,3295.0,349409.0
2016-12-29,3285.0,45.0,3300.0,3330.0,3255.0,187587.0
2016-12-30,3285.0,45.0,3300.0,3330.0,3255.0,187587.0
2016-12-31,3285.0,45.0,3300.0,3330.0,3255.0,187587.0
2017-01-01,3285.0,45.0,3300.0,3330.0,3255.0,187587.0
2017-01-02,3275.0,10.0,3285.0,3290.0,3250.0,179509.0
2017-01-03,3360.0,85.0,3280.0,3365.0,3280.0,257711.0
2017-01-04,3355.0,5.0,3380.0,3395.0,3320.0,291825.0
2017-01-05,3420.0,65.0,3360.0,3455.0,3320.0,524991.0
2017-01-06,3495.0,75.0,3435.0,3500.0,3405.0,397801.0
2017-01-07,3495.0,75.0,3435.0,3500.0,3405.0,397801.0
2017-01-08,3495.0,75.0,3435.0,3500.0,3405.0,397801.0
2017-01-09,3555.0,60.0,3540.0,3585.0,3500.0,467995.0
2017-01-10,3570.0,15.0,3560.0,3595.0,3480.0,412681.0
2017-01-11,3685.0,115.0,3590.0,3695.0,3580.0,705406.0
2017-01-12,3635.0,50.0,3720.0,3725.0,3580.0,388934.0
2017-01-13,3585.0,50.0,3645.0,3690.0,3530.0,427895.0
2017-01-14,3585.0,50.0,3645.0,3690.0,3530.0,427895.0
2017-01-15,3585.0,50.0,3645.0,3690.0,3530.0,427895.0
2017-01-16,3525.0,60.0,3585.0,3585.0,3460.0,367866.0
2017-01-17,3500.0,25.0,3520.0,3570.0,3480.0,244956.0
2017-01-18,3530.0,30.0,3500.0,3530.0,3440.0,316601.0
2017-01-19,3430.0,100.0,3565.0,3565.0,3430.0,273630.0
2017-01-20,3380.0,50.0,3400.0,3450.0,3375.0,218292.0
2017-01-21,3380.0,50.0,3400.0,3450.0,3375.0,218292.0
2017-01-22,3380.0,50.0,3400.0,3450.0,3375.0,218292.0
2017-01-23,3270.0,110.0,3375.0,3385.0,3270.0,471923.0
2017-01-24,3245.0,25.0,3260.0,3295.0,3205.0,281532.0
2017-01-25,3225.0,20.0,3250.0,3290.0,3220.0,175266.0
2017-01-26,3350.0,125.0,3255.0,3365.0,3240.0,331991.0
2017-01-27,3350.0,125.0,3255.0,3365.0,3240.0,331991.0
2017-01-28,3350.0,125.0,3255.0,3365.0,3240.0,331991.0
2017-01-29,3350.0,125.0,3255.0,3365.0,3240.0,331991.0
2017-01-30,3350.0,125.0,3255.0,3365.0,3240.0,331991.0
2017-01-31,3245.0,105.0,3320.0,3325.0,3240.0,268261.0
2017-02-01,3295.0,50.0,3250.0,3330.0,3245.0,253437.0
2017-02-02,3235.0,60.0,3250.0,3310.0,3235.0,266917.0
2017-02-03,3210.0,25.0,3215.0,3245.0,3160.0,368123.0
2017-02-04,3210.0,25.0,3215.0,3245.0,3160.0,368123.0
2017-02-05,3210.0,25.0,3215.0,3245.0,3160.0,368123.0
2017-02-06,3205.0,5.0,3210.0,3225.0,3155.0,190323.0
2017-02-07,3120.0,85.0,3180.0,3210.0,3085.0,481815.0
2017-02-08,3130.0,10.0,3125.0,3155.0,3095.0,213377.0
2017-02-09,3180.0,50.0,3130.0,3180.0,3120.0,251859.0
2017-02-10,3205.0,25.0,3190.0,3260.0,3180.0,252545.0
2017-02-11,3205.0,25.0,3190.0,3260.0,3180.0,252545.0
2017-02-12,3205.0,25.0,3190.0,3260.0,3180.0,252545.0
2017-02-13,3240.0,35.0,3220.0,3290.0,3195.0,235555.0
2017-02-14,3265.0,25.0,3240.0,3285.0,3240.0,202238.0
2017-02-15,3265.0,0.0,3270.0,3305.0,3250.0,205496.0
2017-02-16,3200.0,65.0,3270.0,3270.0,3155.0,467141.0
2017-02-17,3195.0,5.0,3195.0,3215.0,3180.0,259760.0
2017-02-18,3195.0,5.0,3195.0,3215.0,3180.0,259760.0
2017-02-19,3195.0,5.0,3195.0,3215.0,3180.0,259760.0
2017-02-20,3210.0,15.0,3205.0,3225.0,3175.0,137023.0
2017-02-21,3240.0,30.0,3195.0,3255.0,3190.0,199427.0
2017-02-22,3310.0,70.0,3265.0,3345.0,3240.0,510965.0
2017-02-23,3290.0,20.0,3320.0,3325.0,3260.0,207633.0
2017-02-24,3240.0,50.0,3300.0,3300.0,3215.0,304869.0
2017-02-25,3240.0,50.0,3300.0,3300.0,3215.0,304869.0
2017-02-26,3240.0,50.0,3300.0,3300.0,3215.0,304869.0
2017-02-27,3255.0,15.0,3225.0,3275.0,3210.0,161228.0
2017-02-28,3210.0,45.0,3260.0,3270.0,3195.0,333833.0
2017-03-01,3210.0,45.0,3260.0,3270.0,3195.0,333833.0
2017-03-02,3370.0,160.0,3245.0,3390.0,3245.0,811989.0
2017-03-03,3560.0,190.0,3375.0,3580.0,3370.0,1661907.0
2017-03-04,3560.0,190.0,3375.0,3580.0,3370.0,1661907.0
2017-03-05,3560.0,190.0,3375.0,3580.0,3370.0,1661907.0
2017-03-06,3580.0,20.0,3575.0,3645.0,3490.0,1170189.0
2017-03-07,3630.0,50.0,3550.0,3755.0,3505.0,1748134.0
2017-03-08,3745.0,115.0,3630.0,3745.0,3630.0,1079574.0
2017-03-09,3645.0,100.0,3730.0,3745.0,3645.0,657452.0
2017-03-10,3560.0,85.0,3640.0,3675.0,3410.0,1193710.0
2017-03-11,3560.0,85.0,3640.0,3675.0,3410.0,1193710.0
2017-03-12,3560.0,85.0,3640.0,3675.0,3410.0,1193710.0
2017-03-13,3500.0,60.0,3580.0,3580.0,3420.0,730752.0
2017-03-14,3535.0,35.0,3510.0,3640.0,3445.0,637182.0
2017-03-15,3530.0,5.0,3500.0,3560.0,3485.0,541314.0
2017-03-16,3580.0,50.0,3530.0,3605.0,3515.0,497985.0
2017-03-17,3580.0,0.0,3605.0,3605.0,3540.0,355067.0
2017-03-18,3580.0,0.0,3605.0,3605.0,3540.0,355067.0
2017-03-19,3580.0,0.0,3605.0,3605.0,3540.0,355067.0
2017-03-20,3580.0,0.0,3555.0,3600.0,3555.0,302686.0
2017-03-21,3615.0,35.0,3575.0,3670.0,3575.0,437696.0
2017-03-22,3440.0,175.0,3560.0,3615.0,3420.0,883448.0
2017-03-23,3485.0,45.0,3455.0,3500.0,3425.0,530077.0
2017-03-24,3445.0,40.0,3490.0,3505.0,3385.0,455203.0
2017-03-25,3445.0,40.0,3490.0,3505.0,3385.0,455203.0
2017-03-26,3445.0,40.0,3490.0,3505.0,3385.0,455203.0
2017-03-27,3320.0,125.0,3445.0,3445.0,3315.0,562190.0
2017-03-28,3425.0,105.0,3310.0,3430.0,3305.0,658527.0
2017-03-29,3440.0,15.0,3410.0,3445.0,3375.0,264431.0
2017-03-30,3410.0,30.0,3460.0,3460.0,3375.0,197996.0
2017-03-31,3465.0,55.0,3400.0,3515.0,3375.0,471805.0
2017-04-01,3465.0,55.0,3400.0,3515.0,3375.0,471805.0
2017-04-02,3465.0,55.0,3400.0,3515.0,3375.0,471805.0
2017-04-03,3430.0,35.0,3465.0,3470.0,3370.0,260167.0
2017-04-04,3400.0,30.0,3450.0,3460.0,3380.0,250054.0
2017-04-05,3420.0,20.0,3425.0,3445.0,3390.0,191289.0
2017-04-06,3390.0,30.0,3425.0,3455.0,3350.0,262791.0
2017-04-07,3370.0,20.0,3405.0,3435.0,3335.0,245952.0
2017-04-08,3370.0,20.0,3405.0,3435.0,3335.0,245952.0
2017-04-09,3370.0,20.0,3405.0,3435.0,3335.0,245952.0
2017-04-10,3310.0,60.0,3380.0,3380.0,3265.0,393651.0
2017-04-11,3310.0,0.0,3325.0,3355.0,3250.0,314823.0
2017-04-12,3335.0,25.0,3300.0,3350.0,3290.0,164839.0
2017-04-13,3300.0,35.0,3365.0,3365.0,3295.0,199642.0
2017-04-14,3260.0,40.0,3260.0,3320.0,3240.0,241781.0
2017-04-15,3260.0,40.0,3260.0,3320.0,3240.0,241781.0
2017-04-16,3260.0,40.0,3260.0,3320.0,3240.0,241781.0
2017-04-17,3370.0,110.0,3340.0,3390.0,3300.0,219661.0
2017-04-18,3310.0,60.0,3400.0,3400.0,3285.0,344330.0
2017-04-19,3260.0,50.0,3310.0,3310.0,3240.0,340858.0
2017-04-20,3255.0,5.0,3280.0,3280.0,3235.0,201676.0
2017-04-21,3260.0,5.0,3295.0,3295.0,3220.0,246731.0
2017-04-22,3260.0,5.0,3295.0,3295.0,3220.0,246731.0
2017-04-23,3260.0,5.0,3295.0,3295.0,3220.0,246731.0
2017-04-24,3240.0,20.0,3280.0,3280.0,3220.0,242593.0
2017-04-25,3520.0,280.0,3295.0,3620.0,3280.0,2313434.0
2017-04-26,3800.0,280.0,3580.0,3800.0,3550.0,2178109.0
2017-04-27,3830.0,30.0,3795.0,3910.0,3675.0,1595471.0
2017-04-28,3795.0,35.0,3830.0,3870.0,3720.0,594138.0
2017-04-29,3795.0,35.0,3830.0,3870.0,3720.0,594138.0
2017-04-30,3795.0,35.0,3830.0,3870.0,3720.0,594138.0
2017-05-01,3795.0,35.0,3830.0,3870.0,3720.0,594138.0
2017-05-02,3810.0,15.0,3930.0,3930.0,3770.0,847295.0
2017-05-03,3810.0,15.0,3930.0,3930.0,3770.0,847295.0
2017-05-04,4080.0,270.0,3815.0,4100.0,3815.0,1332561.0
2017-05-05,4080.0,270.0,3815.0,4100.0,3815.0,1332561.0
2017-05-06,4080.0,270.0,3815.0,4100.0,3815.0,1332561.0
2017-05-07,4080.0,270.0,3815.0,4100.0,3815.0,1332561.0
2017-05-08,3910.0,170.0,4105.0,4105.0,3860.0,1068385.0
2017-05-09,3910.0,170.0,4105.0,4105.0,3860.0,1068385.0
2017-05-10,3990.0,80.0,3940.0,4025.0,3840.0,917693.0
2017-05-11,3870.0,120.0,4000.0,4035.0,3860.0,662000.0
2017-05-12,3935.0,65.0,3875.0,3955.0,3840.0,381544.0
2017-05-13,3935.0,65.0,3875.0,3955.0,3840.0,381544.0
2017-05-14,3935.0,65.0,3875.0,3955.0,3840.0,381544.0
2017-05-15,3945.0,10.0,3935.0,3990.0,3875.0,312145.0
2017-05-16,3895.0,50.0,3975.0,4000.0,3845.0,370207.0
2017-05-17,3820.0,75.0,3940.0,3940.0,3785.0,438918.0
2017-05-18,3815.0,5.0,3750.0,3830.0,3735.0,406098.0
2017-05-19,3890.0,75.0,3860.0,3950.0,3805.0,602354.0
2017-05-20,3890.0,75.0,3860.0,3950.0,3805.0,602354.0
2017-05-21,3890.0,75.0,3860.0,3950.0,3805.0,602354.0
2017-05-22,3875.0,15.0,3890.0,3920.0,3815.0,317503.0
2017-05-23,4160.0,285.0,3890.0,4175.0,3890.0,1547650.0
2017-05-24,4100.0,60.0,4190.0,4250.0,4035.0,843255.0
2017-05-25,4250.0,150.0,4105.0,4300.0,4065.0,1153767.0
2017-05-26,4175.0,75.0,4275.0,4275.0,4110.0,774605.0
2017-05-27,4175.0,75.0,4275.0,4275.0,4110.0,774605.0
2017-05-28,4175.0,75.0,4275.0,4275.0,4110.0,774605.0
2017-05-29,3905.0,270.0,4170.0,4170.0,3880.0,1605987.0
2017-05-30,4110.0,205.0,3950.0,4120.0,3950.0,1277394.0
2017-05-31,3990.0,120.0,4115.0,4230.0,3990.0,1314742.0
2017-06-01,4205.0,215.0,4040.0,4205.0,4030.0,870316.0
2017-06-02,4215.0,10.0,4210.0,4270.0,4135.0,462349.0
2017-06-03,4215.0,10.0,4210.0,4270.0,4135.0,462349.0
2017-06-04,4215.0,10.0,4210.0,4270.0,4135.0,462349.0
2017-06-05,4300.0,85.0,4215.0,4355.0,4210.0,768502.0
2017-06-06,4300.0,85.0,4215.0,4355.0,4210.0,768502.0
2017-06-07,4265.0,35.0,4290.0,4340.0,4185.0,507549.0
2017-06-08,4185.0,80.0,4255.0,4255.0,4115.0,701136.0
2017-06-09,4150.0,35.0,4215.0,4215.0,4120.0,320457.0
2017-06-10,4150.0,35.0,4215.0,4215.0,4120.0,320457.0
2017-06-11,4150.0,35.0,4215.0,4215.0,4120.0,320457.0
2017-06-12,4330.0,180.0,4175.0,4350.0,4115.0,870493.0
2017-06-13,4510.0,180.0,4375.0,4550.0,4375.0,1563348.0
2017-06-14,4610.0,100.0,4540.0,4740.0,4530.0,1627666.0
2017-06-15,4490.0,120.0,4620.0,4640.0,4390.0,853818.0
2017-06-16,4370.0,120.0,4430.0,4480.0,4350.0,562859.0
2017-06-17,4370.0,120.0,4430.0,4480.0,4350.0,562859.0
2017-06-18,4370.0,120.0,4430.0,4480.0,4350.0,562859.0
2017-06-19,4190.0,180.0,4385.0,4435.0,4180.0,1044728.0
2017-06-20,4240.0,50.0,4255.0,4380.0,4220.0,1096532.0
2017-06-21,4285.0,45.0,4190.0,4355.0,4185.0,497872.0
2017-06-22,4260.0,25.0,4420.0,4490.0,4245.0,745432.0
2017-06-23,4300.0,40.0,4345.0,4370.0,4260.0,349933.0
2017-06-24,4300.0,40.0,4345.0,4370.0,4260.0,349933.0
2017-06-25,4300.0,40.0,4345.0,4370.0,4260.0,349933.0
2017-06-26,4160.0,140.0,4275.0,4325.0,4120.0,608772.0
2017-06-27,4290.0,130.0,4180.0,4295.0,4050.0,474724.0
2017-06-28,4105.0,185.0,4250.0,4330.0,4070.0,521256.0
2017-06-29,4230.0,125.0,4160.0,4275.0,4150.0,355621.0
2017-06-30,4240.0,10.0,4205.0,4260.0,4170.0,143299.0
2017-07-01,4240.0,10.0,4205.0,4260.0,4170.0,143299.0
2017-07-02,4240.0,10.0,4205.0,4260.0,4170.0,143299.0
2017-07-03,4340.0,100.0,4240.0,4350.0,4195.0,437243.0
2017-07-04,4520.0,180.0,4390.0,4590.0,4375.0,1420993.0
2017-07-05,4435.0,85.0,4560.0,4560.0,4390.0,569842.0
2017-07-06,4355.0,80.0,4445.0,4480.0,4315.0,430865.0
2017-07-07,4360.0,5.0,4330.0,4425.0,4315.0,290616.0
2017-07-08,4360.0,5.0,4330.0,4425.0,4315.0,290616.0
2017-07-09,4360.0,5.0,4330.0,4425.0,4315.0,290616.0
2017-07-10,4255.0,105.0,4350.0,4360.0,4235.0,358847.0
2017-07-11,4155.0,100.0,4255.0,4270.0,4110.0,506796.0
2017-07-12,4190.0,35.0,4155.0,4275.0,4140.0,405809.0
2017-07-13,4185.0,5.0,4150.0,4190.0,4100.0,468778.0
2017-07-14,4130.0,55.0,4230.0,4230.0,4065.0,653261.0
2017-07-15,4130.0,55.0,4230.0,4230.0,4065.0,653261.0
2017-07-16,4130.0,55.0,4230.0,4230.0,4065.0,653261.0
2017-07-17,4130.0,0.0,4135.0,4170.0,4065.0,286005.0
2017-07-18,4090.0,40.0,4095.0,4150.0,4065.0,349118.0
2017-07-19,4045.0,45.0,4070.0,4120.0,4005.0,303267.0
2017-07-20,4050.0,5.0,4015.0,4080.0,3925.0,705503.0
2017-07-21,4025.0,25.0,4050.0,4090.0,3960.0,420434.0
2017-07-22,4025.0,25.0,4050.0,4090.0,3960.0,420434.0
2017-07-23,4025.0,25.0,4050.0,4090.0,3960.0,420434.0
2017-07-24,3985.0,40.0,4010.0,4045.0,3950.0,396700.0
2017-07-25,4010.0,25.0,4085.0,4150.0,4000.0,702279.0
2017-07-26,4080.0,70.0,4010.0,4115.0,4010.0,400318.0
2017-07-27,4060.0,20.0,4130.0,4130.0,4015.0,282832.0
2017-07-28,3985.0,75.0,4060.0,4130.0,3950.0,366246.0
2017-07-29,3985.0,75.0,4060.0,4130.0,3950.0,366246.0
2017-07-30,3985.0,75.0,4060.0,4130.0,3950.0,366246.0
2017-07-31,4125.0,140.0,3980.0,4125.0,3930.0,432853.0
2017-08-01,4280.0,155.0,4130.0,4320.0,4080.0,944237.0
2017-08-02,4345.0,65.0,4275.0,4485.0,4245.0,1924374.0
2017-08-03,4120.0,225.0,4375.0,4375.0,4100.0,841802.0
2017-08-04,4225.0,105.0,4195.0,4270.0,4130.0,493433.0
2017-08-05,4225.0,105.0,4195.0,4270.0,4130.0,493433.0
2017-08-06,4225.0,105.0,4195.0,4270.0,4130.0,493433.0
2017-08-07,4215.0,10.0,4250.0,4320.0,4190.0,403964.0
2017-08-08,4150.0,65.0,4215.0,4220.0,4100.0,276596.0
2017-08-09,4150.0,0.0,4125.0,4230.0,4110.0,359404.0
2017-08-10,4070.0,80.0,4120.0,4185.0,3905.0,599177.0
2017-08-11,3925.0,145.0,3980.0,4025.0,3900.0,520939.0
2017-08-12,3925.0,145.0,3980.0,4025.0,3900.0,520939.0
2017-08-13,3925.0,145.0,3980.0,4025.0,3900.0,520939.0
2017-08-14,3945.0,20.0,3945.0,3960.0,3915.0,215094.0
2017-08-15,3945.0,20.0,3945.0,3960.0,3915.0,215094.0
2017-08-16,3975.0,30.0,3955.0,4025.0,3955.0,177257.0
2017-08-17,4030.0,55.0,3975.0,4050.0,3970.0,248240.0
2017-08-18,3985.0,45.0,3970.0,4015.0,3970.0,141286.0
2017-08-19,3985.0,45.0,3970.0,4015.0,3970.0,141286.0
2017-08-20,3985.0,45.0,3970.0,4015.0,3970.0,141286.0
2017-08-21,3880.0,105.0,4000.0,4020.0,3875.0,456868.0
2017-08-22,3825.0,55.0,3880.0,3935.0,3805.0,340092.0
2017-08-23,3835.0,10.0,3855.0,3885.0,3825.0,202371.0
2017-08-24,3820.0,15.0,3840.0,3860.0,3785.0,212454.0
2017-08-25,4000.0,180.0,3915.0,4065.0,3915.0,834365.0
2017-08-26,4000.0,180.0,3915.0,4065.0,3915.0,834365.0
2017-08-27,4000.0,180.0,3915.0,4065.0,3915.0,834365.0
2017-08-28,3980.0,20.0,3985.0,4040.0,3930.0,266196.0
2017-08-29,4145.0,165.0,4020.0,4155.0,3995.0,634044.0
2017-08-30,4240.0,95.0,4180.0,4270.0,4115.0,720928.0
2017-08-31,4190.0,50.0,4190.0,4265.0,4145.0,428856.0
2017-09-01,4215.0,25.0,4185.0,4245.0,4160.0,254825.0
2017-09-02,4215.0,25.0,4185.0,4245.0,4160.0,254825.0
2017-09-03,4215.0,25.0,4185.0,4245.0,4160.0,254825.0
2017-09-04,4135.0,80.0,4000.0,4170.0,4000.0,301994.0
2017-09-05,4160.0,25.0,4190.0,4190.0,4045.0,239661.0
2017-09-06,4080.0,80.0,4110.0,4170.0,4060.0,208398.0
2017-09-07,4110.0,30.0,4080.0,4160.0,4080.0,211672.0
2017-09-08,4040.0,70.0,4155.0,4155.0,4020.0,200277.0
2017-09-09,4040.0,70.0,4155.0,4155.0,4020.0,200277.0
2017-09-10,4040.0,70.0,4155.0,4155.0,4020.0,200277.0
2017-09-11,4025.0,15.0,4065.0,4090.0,3955.0,327678.0
2017-09-12,4125.0,100.0,4005.0,4130.0,4000.0,300031.0
2017-09-13,4045.0,80.0,4150.0,4165.0,3990.0,385012.0
2017-09-14,4080.0,35.0,4035.0,4085.0,4000.0,247697.0
2017-09-15,4075.0,5.0,4090.0,4100.0,4010.0,237762.0
2017-09-16,4075.0,5.0,4090.0,4100.0,4010.0,237762.0
2017-09-17,4075.0,5.0,4090.0,4100.0,4010.0,237762.0
2017-09-18,4310.0,235.0,4130.0,4370.0,4100.0,1367857.0
2017-09-19,4310.0,0.0,4335.0,4460.0,4250.0,956088.0
2017-09-20,4250.0,60.0,4375.0,4420.0,4200.0,475015.0
2017-09-21,4150.0,100.0,4250.0,4280.0,4115.0,491037.0
2017-09-22,4095.0,55.0,4175.0,4185.0,4040.0,483920.0
2017-09-23,4095.0,55.0,4175.0,4185.0,4040.0,483920.0
2017-09-24,4095.0,55.0,4175.0,4185.0,4040.0,483920.0
2017-09-25,3895.0,200.0,4050.0,4070.0,3860.0,889173.0
2017-09-26,3935.0,40.0,3810.0,3980.0,3810.0,388810.0
2017-09-27,4000.0,65.0,3935.0,4030.0,3925.0,249314.0
2017-09-28,3995.0,5.0,4045.0,4050.0,3930.0,197839.0
2017-09-29,3990.0,5.0,3990.0,4065.0,3970.0,297142.0
2017-09-30,3990.0,5.0,3990.0,4065.0,3970.0,297142.0
2017-10-01,3990.0,5.0,3990.0,4065.0,3970.0,297142.0
2017-10-02,3990.0,5.0,3990.0,4065.0,3970.0,297142.0
2017-10-03,3990.0,5.0,3990.0,4065.0,3970.0,297142.0
2017-10-04,3990.0,5.0,3990.0,4065.0,3970.0,297142.0
2017-10-05,3990.0,5.0,3990.0,4065.0,3970.0,297142.0
2017-10-06,3990.0,5.0,3990.0,4065.0,3970.0,297142.0
2017-10-07,3990.0,5.0,3990.0,4065.0,3970.0,297142.0
2017-10-08,3990.0,5.0,3990.0,4065.0,3970.0,297142.0
2017-10-09,3990.0,5.0,3990.0,4065.0,3970.0,297142.0
2017-10-10,3930.0,60.0,4005.0,4020.0,3920.0,322481.0
2017-10-11,3945.0,15.0,3915.0,3980.0,3915.0,200834.0
2017-10-12,3900.0,45.0,3985.0,4000.0,3870.0,396871.0
2017-10-13,3840.0,60.0,3910.0,3910.0,3800.0,542619.0
2017-10-14,3840.0,60.0,3910.0,3910.0,3800.0,542619.0
2017-10-15,3840.0,60.0,3910.0,3910.0,3800.0,542619.0
2017-10-16,3835.0,5.0,3850.0,3905.0,3800.0,192984.0
2017-10-17,3850.0,15.0,3845.0,3910.0,3830.0,287214.0
2017-10-18,3795.0,55.0,3875.0,3875.0,3740.0,440399.0
2017-10-19,3795.0,0.0,3800.0,3880.0,3770.0,260867.0
2017-10-20,3895.0,100.0,3795.0,3900.0,3745.0,216957.0
2017-10-21,3895.0,100.0,3795.0,3900.0,3745.0,216957.0
2017-10-22,3895.0,100.0,3795.0,3900.0,3745.0,216957.0
2017-10-23,3810.0,85.0,3865.0,3885.0,3785.0,187814.0
2017-10-24,3825.0,15.0,3830.0,3850.0,3805.0,106005.0
2017-10-25,3780.0,45.0,3835.0,3860.0,3780.0,221215.0
2017-10-26,3770.0,10.0,3780.0,3840.0,3760.0,223487.0
2017-10-27,3985.0,215.0,3775.0,3985.0,3775.0,646740.0
2017-10-28,3985.0,215.0,3775.0,3985.0,3775.0,646740.0
2017-10-29,3985.0,215.0,3775.0,3985.0,3775.0,646740.0
2017-10-30,4125.0,140.0,4020.0,4135.0,3985.0,805116.0
2017-10-31,4220.0,95.0,4140.0,4280.0,4080.0,986390.0
2017-11-01,4240.0,20.0,4250.0,4305.0,4170.0,842580.0
2017-11-02,4330.0,90.0,4280.0,4350.0,4220.0,785179.0
2017-11-03,4325.0,5.0,4210.0,4350.0,4150.0,754110.0
2017-11-04,4325.0,5.0,4210.0,4350.0,4150.0,754110.0
2017-11-05,4325.0,5.0,4210.0,4350.0,4150.0,754110.0
2017-11-06,4495.0,170.0,4330.0,4500.0,4325.0,1014084.0
2017-11-07,4440.0,55.0,4500.0,4680.0,4235.0,2211881.0
2017-11-08,4505.0,65.0,4435.0,4515.0,4315.0,565310.0
2017-11-09,4580.0,75.0,4505.0,4650.0,4435.0,642608.0
2017-11-10,4610.0,30.0,4630.0,4650.0,4540.0,481400.0
2017-11-11,4610.0,30.0,4630.0,4650.0,4540.0,481400.0
2017-11-12,4610.0,30.0,4630.0,4650.0,4540.0,481400.0
2017-11-13,4410.0,200.0,4635.0,4640.0,4370.0,837306.0
2017-11-14,4465.0,55.0,4410.0,4540.0,4335.0,772879.0
2017-11-15,4245.0,220.0,4460.0,4505.0,4195.0,878434.0
2017-11-16,4495.0,250.0,4335.0,4530.0,4275.0,926015.0
2017-11-17,4850.0,355.0,4455.0,4980.0,4355.0,2855373.0
2017-11-18,4850.0,355.0,4455.0,4980.0,4355.0,2855373.0
2017-11-19,4850.0,355.0,4455.0,4980.0,4355.0,2855373.0
2017-11-20,5190.0,340.0,4910.0,5240.0,4910.0,2340255.0
2017-11-21,5070.0,120.0,5230.0,5240.0,4925.0,1613932.0
2017-11-22,4990.0,80.0,5050.0,5260.0,4920.0,750268.0
2017-11-23,5150.0,160.0,4990.0,5190.0,4850.0,785261.0
2017-11-24,5040.0,110.0,5170.0,5170.0,4955.0,580328.0
2017-11-25,5040.0,110.0,5170.0,5170.0,4955.0,580328.0
2017-11-26,5040.0,110.0,5170.0,5170.0,4955.0,580328.0
2017-11-27,5020.0,20.0,5110.0,5110.0,4970.0,397791.0
2017-11-28,5060.0,40.0,5000.0,5120.0,4905.0,578257.0
2017-11-29,5040.0,20.0,5060.0,5110.0,4940.0,808354.0
2017-11-30,4980.0,60.0,5050.0,5120.0,4960.0,641287.0
2017-12-01,5000.0,20.0,4955.0,5050.0,4875.0,340712.0
2017-12-02,5000.0,20.0,4955.0,5050.0,4875.0,340712.0
2017-12-03,5000.0,20.0,4955.0,5050.0,4875.0,340712.0
2017-12-04,4950.0,50.0,5000.0,5030.0,4905.0,426855.0
2017-12-05,5240.0,290.0,4980.0,5250.0,4910.0,831324.0
2017-12-06,4920.0,320.0,5240.0,5290.0,4825.0,1106509.0
2017-12-07,4860.0,60.0,4905.0,4970.0,4730.0,373092.0
2017-12-08,4705.0,155.0,4890.0,4930.0,4675.0,343229.0
2017-12-09,4705.0,155.0,4890.0,4930.0,4675.0,343229.0
2017-12-10,4705.0,155.0,4890.0,4930.0,4675.0,343229.0
2017-12-11,4720.0,15.0,4705.0,4745.0,4545.0,381996.0
2017-12-12,4720.0,0.0,4745.0,4780.0,4465.0,620025.0
2017-12-13,4200.0,520.0,4550.0,4550.0,4030.0,3078789.0
2017-12-14,4045.0,155.0,4195.0,4195.0,4020.0,934051.0
2017-12-15,4150.0,105.0,4045.0,4150.0,3900.0,997501.0
2017-12-16,4150.0,105.0,4045.0,4150.0,3900.0,997501.0
2017-12-17,4150.0,105.0,4045.0,4150.0,3900.0,997501.0
2017-12-18,4020.0,130.0,4120.0,4130.0,3995.0,396381.0
2017-12-19,3905.0,115.0,3960.0,4070.0,3905.0,428260.0
2017-12-20,4000.0,95.0,3900.0,4070.0,3840.0,380845.0
2017-12-21,3830.0,170.0,3930.0,3950.0,3800.0,354200.0
2017-12-22,3875.0,45.0,3855.0,3905.0,3845.0,207157.0
2017-12-23,3875.0,45.0,3855.0,3905.0,3845.0,207157.0
2017-12-24,3875.0,45.0,3855.0,3905.0,3845.0,207157.0
2017-12-25,3875.0,45.0,3855.0,3905.0,3845.0,207157.0
2017-12-26,3820.0,55.0,3880.0,3895.0,3805.0,257311.0
2017-12-27,3580.0,240.0,3760.0,3790.0,3525.0,946340.0
2017-12-28,3685.0,105.0,3580.0,3715.0,3580.0,273584.0
2017-12-29,3685.0,105.0,3580.0,3715.0,3580.0,273584.0
2017-12-30,3685.0,105.0,3580.0,3715.0,3580.0,273584.0
2017-12-31,3685.0,105.0,3580.0,3715.0,3580.0,273584.0
2018-01-01,3685.0,105.0,3580.0,3715.0,3580.0,273584.0
2018-01-02,3850.0,165.0,3720.0,3855.0,3720.0,358681.0
2018-01-03,3935.0,85.0,3825.0,3940.0,3825.0,312473.0
2018-01-04,3990.0,55.0,3910.0,4060.0,3880.0,375569.0
2018-01-05,4010.0,20.0,3990.0,4045.0,3940.0,173234.0
2018-01-06,4010.0,20.0,3990.0,4045.0,3940.0,173234.0
2018-01-07,4010.0,20.0,3990.0,4045.0,3940.0,173234.0
2018-01-08,3935.0,75.0,4020.0,4025.0,3860.0,333187.0
2018-01-09,4030.0,95.0,3930.0,4080.0,3930.0,376067.0
2018-01-10,4230.0,200.0,4030.0,4265.0,4015.0,808288.0
2018-01-11,4200.0,30.0,4270.0,4335.0,4150.0,602506.0
2018-01-12,4385.0,185.0,4175.0,4390.0,4100.0,725716.0
2018-01-13,4385.0,185.0,4175.0,4390.0,4100.0,725716.0
2018-01-14,4385.0,185.0,4175.0,4390.0,4100.0,725716.0
2018-01-15,4230.0,155.0,4405.0,4420.0,4165.0,426070.0
2018-01-16,4080.0,150.0,4220.0,4220.0,4000.0,611826.0
2018-01-17,3975.0,105.0,4075.0,4075.0,3910.0,323957.0
2018-01-18,4120.0,145.0,3980.0,4170.0,3980.0,384528.0
2018-01-19,4165.0,45.0,4120.0,4235.0,4065.0,232935.0
2018-01-20,4165.0,45.0,4120.0,4235.0,4065.0,232935.0
2018-01-21,4165.0,45.0,4120.0,4235.0,4065.0,232935.0
2018-01-22,4175.0,10.0,4225.0,4225.0,4020.0,168061.0
2018-01-23,4250.0,75.0,4150.0,4275.0,4150.0,235773.0
2018-01-24,4200.0,50.0,4275.0,4310.0,4150.0,217589.0
2018-01-25,4300.0,100.0,4200.0,4365.0,4160.0,442974.0
2018-01-26,4250.0,50.0,4300.0,4340.0,4180.0,324182.0
2018-01-27,4250.0,50.0,4300.0,4340.0,4180.0,324182.0
2018-01-28,4250.0,50.0,4300.0,4340.0,4180.0,324182.0
2018-01-29,4475.0,225.0,4280.0,4535.0,4250.0,934937.0
2018-01-30,4420.0,55.0,4490.0,4525.0,4360.0,448439.0
2018-01-31,4480.0,60.0,4420.0,4485.0,4285.0,725642.0
2018-02-01,4455.0,25.0,4505.0,4590.0,4410.0,350239.0
2018-02-02,4340.0,115.0,4435.0,4440.0,4295.0,263437.0
2018-02-03,4340.0,115.0,4435.0,4440.0,4295.0,263437.0
2018-02-04,4340.0,115.0,4435.0,4440.0,4295.0,263437.0
2018-02-05,4185.0,155.0,4160.0,4245.0,4125.0,269310.0
2018-02-06,3935.0,250.0,4080.0,4080.0,3860.0,819212.0
2018-02-07,3900.0,35.0,3990.0,4050.0,3900.0,601766.0
2018-02-08,3945.0,45.0,3905.0,4000.0,3850.0,545806.0
2018-02-09,3890.0,55.0,3835.0,3895.0,3800.0,376389.0
2018-02-10,3890.0,55.0,3835.0,3895.0,3800.0,376389.0
2018-02-11,3890.0,55.0,3835.0,3895.0,3800.0,376389.0
2018-02-12,3885.0,5.0,3895.0,3950.0,3865.0,170280.0
2018-02-13,3860.0,25.0,3900.0,3940.0,3820.0,412518.0
2018-02-14,3940.0,80.0,3930.0,3960.0,3870.0,237245.0
2018-02-15,3940.0,80.0,3930.0,3960.0,3870.0,237245.0
2018-02-16,3940.0,80.0,3930.0,3960.0,3870.0,237245.0
2018-02-17,3940.0,80.0,3930.0,3960.0,3870.0,237245.0
2018-02-18,3940.0,80.0,3930.0,3960.0,3870.0,237245.0
2018-02-19,3985.0,45.0,4025.0,4035.0,3960.0,230897.0
2018-02-20,4105.0,120.0,4000.0,4170.0,3960.0,351235.0
2018-02-21,4045.0,60.0,4100.0,4105.0,3990.0,231303.0
2018-02-22,3995.0,50.0,4040.0,4040.0,3960.0,190904.0
2018-02-23,4020.0,25.0,4000.0,4055.0,3985.0,199135.0
2018-02-24,4020.0,25.0,4000.0,4055.0,3985.0,199135.0
2018-02-25,4020.0,25.0,4000.0,4055.0,3985.0,199135.0
2018-02-26,4020.0,0.0,4055.0,4345.0,3710.0,779620.0
2018-02-27,4340.0,320.0,4090.0,4460.0,4080.0,1953803.0
2018-02-28,4305.0,35.0,4300.0,4410.0,4215.0,550728.0
2018-03-01,4305.0,35.0,4300.0,4410.0,4215.0,550728.0
2018-03-02,4410.0,105.0,4210.0,4450.0,4170.0,494875.0
2018-03-03,4410.0,105.0,4210.0,4450.0,4170.0,494875.0
2018-03-04,4410.0,105.0,4210.0,4450.0,4170.0,494875.0
2018-03-05,4310.0,100.0,4440.0,4445.0,4280.0,359598.0
2018-03-06,4445.0,135.0,4315.0,4475.0,4315.0,361873.0
2018-03-07,4400.0,45.0,4445.0,4520.0,4340.0,363786.0
2018-03-08,4455.0,55.0,4455.0,4480.0,4380.0,323696.0
2018-03-09,4565.0,110.0,4480.0,4650.0,4460.0,755545.0
2018-03-10,4565.0,110.0,4480.0,4650.0,4460.0,755545.0
2018-03-11,4565.0,110.0,4480.0,4650.0,4460.0,755545.0
2018-03-12,4490.0,75.0,4605.0,4620.0,4430.0,456985.0
2018-03-13,4220.0,270.0,4500.0,4545.0,4155.0,724277.0
2018-03-14,5480.0,1260.0,5100.0,5480.0,4800.0,14313725.0
2018-03-15,5580.0,100.0,5480.0,6240.0,5370.0,13304290.0
2018-03-16,5700.0,120.0,5700.0,5850.0,5570.0,2921121.0
2018-03-17,5700.0,120.0,5700.0,5850.0,5570.0,2921121.0
2018-03-18,5700.0,120.0,5700.0,5850.0,5570.0,2921121.0
2018-03-19,5680.0,20.0,5730.0,5730.0,5580.0,810651.0
2018-03-20,5830.0,150.0,5600.0,5830.0,5600.0,597565.0
2018-03-21,5770.0,60.0,5810.0,5930.0,5740.0,551416.0
2018-03-22,5730.0,40.0,5800.0,5980.0,5680.0,1539596.0
2018-03-23,5600.0,130.0,5630.0,5900.0,5510.0,1001620.0
2018-03-24,5600.0,130.0,5630.0,5900.0,5510.0,1001620.0
2018-03-25,5600.0,130.0,5630.0,5900.0,5510.0,1001620.0
2018-03-26,5770.0,170.0,5600.0,5840.0,5590.0,670462.0
2018-03-27,6080.0,310.0,5870.0,6130.0,5770.0,1914963.0
2018-03-28,6000.0,80.0,6070.0,6130.0,5830.0,884689.0
2018-03-29,5800.0,200.0,5960.0,6040.0,5710.0,711506.0
2018-03-30,5760.0,40.0,5830.0,5860.0,5600.0,846357.0
2018-03-31,5760.0,40.0,5830.0,5860.0,5600.0,846357.0
2018-04-01,5760.0,40.0,5830.0,5860.0,5600.0,846357.0
2018-04-02,5600.0,160.0,5780.0,5810.0,5530.0,561468.0
2018-04-03,5630.0,30.0,5550.0,5720.0,5540.0,322541.0
2018-04-04,5500.0,130.0,5630.0,5640.0,5460.0,333352.0
2018-04-05,5670.0,170.0,5530.0,5720.0,5480.0,350389.0
2018-04-06,5570.0,100.0,5670.0,5750.0,5570.0,385286.0
2018-04-07,5570.0,100.0,5670.0,5750.0,5570.0,385286.0
2018-04-08,5570.0,100.0,5670.0,5750.0,5570.0,385286.0
2018-04-09,5410.0,160.0,5570.0,5590.0,5370.0,517369.0
2018-04-10,5570.0,160.0,5500.0,5570.0,5330.0,442293.0
2018-04-11,5590.0,20.0,5570.0,5600.0,5470.0,185354.0
2018-04-12,5560.0,30.0,5580.0,5610.0,5430.0,201598.0
2018-04-13,5500.0,60.0,5630.0,5630.0,5490.0,214547.0
2018-04-14,5500.0,60.0,5630.0,5630.0,5490.0,214547.0
2018-04-15,5500.0,60.0,5630.0,5630.0,5490.0,214547.0
2018-04-16,5430.0,70.0,5510.0,5560.0,5430.0,223542.0
2018-04-17,5470.0,40.0,5430.0,5520.0,5420.0,391811.0
2018-04-18,5790.0,320.0,5540.0,5800.0,5530.0,955967.0
2018-04-19,5890.0,100.0,5860.0,5900.0,5690.0,587599.0
2018-04-20,5940.0,50.0,5890.0,5990.0,5780.0,537947.0
2018-04-21,5940.0,50.0,5890.0,5990.0,5780.0,537947.0
2018-04-22,5940.0,50.0,5890.0,5990.0,5780.0,537947.0
2018-04-23,5950.0,10.0,5970.0,6170.0,5860.0,1064998.0
2018-04-24,5860.0,90.0,5980.0,5980.0,5670.0,479886.0
2018-04-25,5950.0,90.0,5720.0,5990.0,5710.0,367141.0
2018-04-26,6210.0,260.0,5950.0,6370.0,5860.0,1712204.0
2018-04-27,6100.0,110.0,6180.0,6240.0,5950.0,873526.0
2018-04-28,6100.0,110.0,6180.0,6240.0,5950.0,873526.0
2018-04-29,6100.0,110.0,6180.0,6240.0,5950.0,873526.0
2018-04-30,6280.0,180.0,6110.0,6320.0,6110.0,689512.0
2018-05-01,6280.0,180.0,6110.0,6320.0,6110.0,689512.0
2018-05-02,6380.0,100.0,6400.0,6460.0,6210.0,766541.0
2018-05-03,6510.0,130.0,6400.0,6650.0,6290.0,592357.0
2018-05-04,6740.0,230.0,6570.0,6830.0,6560.0,702889.0
2018-05-05,6740.0,230.0,6570.0,6830.0,6560.0,702889.0
2018-05-06,6740.0,230.0,6570.0,6830.0,6560.0,702889.0
2018-05-07,6740.0,230.0,6570.0,6830.0,6560.0,702889.0
2018-05-08,6540.0,200.0,6740.0,6780.0,6460.0,493717.0
2018-05-09,6540.0,0.0,6640.0,6650.0,6210.0,413533.0
2018-05-10,6830.0,290.0,6490.0,6840.0,6490.0,415238.0
2018-05-11,6860.0,30.0,6880.0,6980.0,6690.0,591099.0
2018-05-12,6860.0,30.0,6880.0,6980.0,6690.0,591099.0
2018-05-13,6860.0,30.0,6880.0,6980.0,6690.0,591099.0
2018-05-14,7140.0,280.0,6840.0,7140.0,6840.0,518010.0
2018-05-15,7270.0,130.0,7180.0,7350.0,7050.0,602433.0
2018-05-16,7090.0,180.0,7070.0,7200.0,6910.0,484778.0
2018-05-17,7030.0,60.0,7100.0,7370.0,6980.0,423994.0
2018-05-18,7140.0,110.0,7100.0,7140.0,6950.0,258962.0
2018-05-19,7140.0,110.0,7100.0,7140.0,6950.0,258962.0
2018-05-20,7140.0,110.0,7100.0,7140.0,6950.0,258962.0
2018-05-21,7000.0,140.0,7090.0,7190.0,6960.0,231884.0
2018-05-22,7000.0,140.0,7090.0,7190.0,6960.0,231884.0
2018-05-23,7000.0,0.0,7090.0,7090.0,6670.0,629604.0
2018-05-24,6930.0,70.0,6940.0,7090.0,6830.0,487677.0
2018-05-25,6770.0,160.0,6570.0,6920.0,6510.0,463434.0
2018-05-26,6770.0,160.0,6570.0,6920.0,6510.0,463434.0
2018-05-27,6770.0,160.0,6570.0,6920.0,6510.0,463434.0
2018-05-28,7110.0,340.0,7000.0,7240.0,6960.0,591921.0
2018-05-29,6970.0,140.0,7150.0,7160.0,6900.0,411945.0
2018-05-30,6940.0,30.0,7030.0,7080.0,6720.0,813799.0
2018-05-31,7150.0,210.0,6940.0,7240.0,6870.0,1564940.0
2018-06-01,7150.0,0.0,0.0,0.0,0.0,0.0
2018-06-02,7150.0,0.0,0.0,0.0,0.0,0.0
2018-06-03,7150.0,0.0,0.0,0.0,0.0,0.0
2018-06-04,7150.0,0.0,0.0,0.0,0.0,0.0
2018-06-05,7150.0,0.0,0.0,0.0,0.0,0.0
2018-06-06,7150.0,0.0,0.0,0.0,0.0,0.0
2018-06-07,7150.0,0.0,0.0,0.0,0.0,0.0
2018-06-08,7150.0,0.0,0.0,0.0,0.0,0.0
2018-06-09,7150.0,0.0,0.0,0.0,0.0,0.0
2018-06-10,7150.0,0.0,0.0,0.0,0.0,0.0
2018-06-11,7150.0,0.0,0.0,0.0,0.0,0.0
2018-06-12,7150.0,0.0,0.0,0.0,0.0,0.0
2018-06-13,7150.0,0.0,0.0,0.0,0.0,0.0
2018-06-14,7150.0,0.0,0.0,0.0,0.0,0.0
2018-06-15,7150.0,0.0,0.0,0.0,0.0,0.0
2018-06-16,7150.0,0.0,0.0,0.0,0.0,0.0
2018-06-17,7150.0,0.0,0.0,0.0,0.0,0.0
2018-06-18,7150.0,0.0,0.0,0.0,0.0,0.0
2018-06-19,4030.0,955.0,4985.0,4995.0,4015.0,3275130.0
2018-06-20,4045.0,15.0,4045.0,4095.0,3735.0,783817.0
2018-06-21,4050.0,5.0,4000.0,4160.0,3900.0,569530.0
2018-06-22,3980.0,70.0,3955.0,4070.0,3900.0,270444.0
2018-06-23,3980.0,70.0,3955.0,4070.0,3900.0,270444.0
2018-06-24,3980.0,70.0,3955.0,4070.0,3900.0,270444.0
2018-06-25,3965.0,15.0,3985.0,4115.0,3960.0,154178.0
2018-06-26,3950.0,15.0,3900.0,4050.0,3900.0,155877.0
2018-06-27,4000.0,50.0,4020.0,4060.0,3905.0,295650.0
2018-06-28,4060.0,60.0,4000.0,4180.0,3980.0,170657.0
2018-06-29,4160.0,100.0,4060.0,4200.0,4010.0,89672.0
2018-06-30,4160.0,100.0,4060.0,4200.0,4010.0,89672.0
2018-07-01,4160.0,100.0,4060.0,4200.0,4010.0,89672.0
2018-07-02,4140.0,20.0,4195.0,4200.0,4050.0,133909.0
2018-07-03,4080.0,60.0,4185.0,4210.0,3970.0,106346.0
2018-07-04,4100.0,20.0,4015.0,4170.0,4015.0,54149.0
2018-07-05,4100.0,0.0,4135.0,4135.0,3990.0,110214.0
2018-07-06,4090.0,10.0,4020.0,4155.0,4020.0,46432.0
2018-07-07,4090.0,10.0,4020.0,4155.0,4020.0,46432.0
2018-07-08,4090.0,10.0,4020.0,4155.0,4020.0,46432.0
2018-07-09,4065.0,25.0,4160.0,4160.0,3935.0,193416.0
2018-07-10,4050.0,15.0,4090.0,4120.0,3970.0,34499.0
2018-07-11,4070.0,20.0,4050.0,4070.0,3965.0,80791.0
2018-07-12,4000.0,70.0,4000.0,4065.0,3960.0,102997.0
2018-07-13,3995.0,5.0,3985.0,4085.0,3940.0,128401.0
2018-07-14,3995.0,5.0,3985.0,4085.0,3940.0,128401.0
2018-07-15,3995.0,5.0,3985.0,4085.0,3940.0,128401.0
2018-07-16,3995.0,0.0,4000.0,4040.0,3925.0,76082.0
2018-07-17,3905.0,90.0,3995.0,3995.0,3870.0,116558.0
2018-07-18,3740.0,165.0,3940.0,3940.0,3700.0,97932.0
2018-07-19,3510.0,230.0,3780.0,3780.0,3505.0,619227.0
2018-07-20,3610.0,100.0,3510.0,3650.0,3405.0,93165.0
2018-07-21,3610.0,100.0,3510.0,3650.0,3405.0,93165.0
2018-07-22,3610.0,100.0,3510.0,3650.0,3405.0,93165.0
2018-07-23,3710.0,100.0,3610.0,3780.0,3550.0,76608.0
2018-07-24,3850.0,140.0,3745.0,3880.0,3550.0,82489.0
2018-07-25,3825.0,25.0,3850.0,3915.0,3650.0,176277.0
2018-07-26,3825.0,0.0,3825.0,3900.0,3735.0,26314.0
2018-07-27,3875.0,50.0,3895.0,3895.0,3720.0,51799.0
2018-07-28,3875.0,50.0,3895.0,3895.0,3720.0,51799.0
2018-07-29,3875.0,50.0,3895.0,3895.0,3720.0,51799.0
2018-07-30,3910.0,35.0,3890.0,3940.0,3850.0,39186.0
2018-07-31,3875.0,35.0,3900.0,3920.0,3720.0,120129.0
2018-08-01,3725.0,150.0,3875.0,3880.0,3660.0,209185.0
2018-08-02,3585.0,140.0,3765.0,3765.0,3500.0,217220.0
2018-08-03,3630.0,45.0,3590.0,3635.0,3550.0,79527.0
2018-08-04,3630.0,45.0,3590.0,3635.0,3550.0,79527.0
2018-08-05,3630.0,45.0,3590.0,3635.0,3550.0,79527.0
2018-08-06,3625.0,5.0,3630.0,3880.0,3595.0,163457.0
2018-08-07,3645.0,20.0,3610.0,3735.0,3600.0,78744.0
2018-08-08,3765.0,120.0,3650.0,3850.0,3645.0,136697.0
2018-08-09,3685.0,80.0,3825.0,3830.0,3650.0,91934.0
2018-08-10,3700.0,15.0,3685.0,3755.0,3605.0,96680.0
2018-08-11,3700.0,15.0,3685.0,3755.0,3605.0,96680.0
2018-08-12,3700.0,15.0,3685.0,3755.0,3605.0,96680.0
2018-08-13,3490.0,210.0,3700.0,3740.0,3460.0,139596.0
2018-08-14,3520.0,30.0,3460.0,3530.0,3410.0,109950.0
2018-08-15,3520.0,30.0,3460.0,3530.0,3410.0,109950.0
2018-08-16,3520.0,0.0,3500.0,3600.0,3415.0,83196.0
2018-08-17,3440.0,80.0,3525.0,3540.0,3400.0,138473.0
2018-08-18,3440.0,80.0,3525.0,3540.0,3400.0,138473.0
2018-08-19,3440.0,80.0,3525.0,3540.0,3400.0,138473.0
2018-08-20,3555.0,115.0,3515.0,3570.0,3425.0,151212.0
2018-08-21,3750.0,195.0,3625.0,3760.0,3545.0,122470.0
2018-08-22,3730.0,20.0,3690.0,3850.0,3680.0,180508.0
2018-08-23,3660.0,70.0,3835.0,3885.0,3570.0,160252.0
2018-08-24,3670.0,10.0,3605.0,3690.0,3565.0,112844.0
2018-08-25,3670.0,10.0,3605.0,3690.0,3565.0,112844.0
2018-08-26,3670.0,10.0,3605.0,3690.0,3565.0,112844.0
2018-08-27,3640.0,30.0,3700.0,3700.0,3575.0,98046.0
2018-08-28,3720.0,80.0,3590.0,3760.0,3590.0,66639.0
2018-08-29,3785.0,65.0,3660.0,3790.0,3660.0,38998.0
2018-08-30,3890.0,105.0,3725.0,3890.0,3725.0,152489.0
2018-08-31,3780.0,110.0,3835.0,3880.0,3770.0,64464.0
2018-09-01,3780.0,110.0,3835.0,3880.0,3770.0,64464.0
2018-09-02,3780.0,110.0,3835.0,3880.0,3770.0,64464.0
2018-09-03,3815.0,35.0,3810.0,3885.0,3700.0,73430.0
2018-09-04,3810.0,5.0,3750.0,3870.0,3750.0,28018.0
2018-09-05,3970.0,160.0,3810.0,4035.0,3810.0,163033.0
2018-09-06,4030.0,60.0,3970.0,4045.0,3915.0,84277.0
2018-09-07,4005.0,25.0,4045.0,4070.0,3965.0,97877.0
2018-09-08,4005.0,25.0,4045.0,4070.0,3965.0,97877.0
2018-09-09,4005.0,25.0,4045.0,4070.0,3965.0,97877.0
2018-09-10,4035.0,30.0,3955.0,4050.0,3950.0,34548.0
2018-09-11,4030.0,5.0,4075.0,4075.0,3965.0,60477.0
2018-09-12,4020.0,10.0,3970.0,4065.0,3945.0,68688.0
2018-09-13,4130.0,110.0,4040.0,4260.0,3970.0,184532.0
2018-09-14,4260.0,130.0,4225.0,4260.0,4140.0,111500.0
2018-09-15,4260.0,130.0,4225.0,4260.0,4140.0,111500.0
2018-09-16,4260.0,130.0,4225.0,4260.0,4140.0,111500.0
2018-09-17,4415.0,155.0,4180.0,4440.0,4180.0,245231.0
2018-09-18,4510.0,95.0,4425.0,4565.0,4380.0,210479.0
2018-09-19,4490.0,20.0,4510.0,4570.0,4320.0,149498.0
2018-09-20,4445.0,45.0,4520.0,4520.0,4205.0,117929.0
2018-09-21,4560.0,115.0,4445.0,4580.0,4405.0,61001.0
2018-09-22,4560.0,115.0,4445.0,4580.0,4405.0,61001.0
2018-09-23,4560.0,115.0,4445.0,4580.0,4405.0,61001.0
2018-09-24,4560.0,115.0,4445.0,4580.0,4405.0,61001.0
2018-09-25,4560.0,115.0,4445.0,4580.0,4405.0,61001.0
2018-09-26,4560.0,115.0,4445.0,4580.0,4405.0,61001.0
2018-09-27,4560.0,0.0,4560.0,4695.0,4500.0,51732.0
2018-09-28,4570.0,10.0,4605.0,4620.0,4440.0,57255.0
2018-09-29,4570.0,10.0,4605.0,4620.0,4440.0,57255.0
2018-09-30,4570.0,10.0,4605.0,4620.0,4440.0,57255.0
2018-10-01,4520.0,50.0,4580.0,4645.0,4480.0,29130.0
2018-10-02,4690.0,170.0,4540.0,4880.0,4505.0,386727.0
2018-10-03,4690.0,170.0,4540.0,4880.0,4505.0,386727.0
2018-10-04,4560.0,130.0,4750.0,4750.0,4495.0,103183.0
2018-10-05,4560.0,0.0,4555.0,4675.0,4455.0,63178.0
2018-10-06,4560.0,0.0,4555.0,4675.0,4455.0,63178.0
2018-10-07,4560.0,0.0,4555.0,4675.0,4455.0,63178.0
2018-10-08,4360.0,200.0,4450.0,4535.0,4300.0,100377.0
2018-10-09,4360.0,200.0,4450.0,4535.0,4300.0,100377.0
2018-10-10,4275.0,85.0,4360.0,4440.0,4200.0,57663.0
2018-10-11,4130.0,145.0,4110.0,4270.0,4050.0,111082.0
2018-10-12,4290.0,160.0,4130.0,4470.0,4030.0,56880.0
2018-10-13,4290.0,160.0,4130.0,4470.0,4030.0,56880.0
2018-10-14,4290.0,160.0,4130.0,4470.0,4030.0,56880.0
2018-10-15,4400.0,110.0,4360.0,4450.0,4290.0,100584.0
2018-10-16,4385.0,15.0,4360.0,4450.0,4305.0,23887.0
2018-10-17,4445.0,60.0,4400.0,4510.0,4400.0,79761.0
2018-10-18,4365.0,80.0,4450.0,4450.0,4280.0,30132.0
2018-10-19,4315.0,50.0,4355.0,4365.0,4235.0,21479.0
2018-10-20,4315.0,50.0,4355.0,4365.0,4235.0,21479.0
2018-10-21,4315.0,50.0,4355.0,4365.0,4235.0,21479.0
2018-10-22,4300.0,15.0,4525.0,4525.0,4215.0,45385.0
2018-10-23,4105.0,195.0,4250.0,4395.0,3895.0,43164.0
2018-10-24,4685.0,580.0,4100.0,4870.0,4045.0,2398729.0
2018-10-25,4850.0,165.0,4860.0,4970.0,4400.0,3658189.0
2018-10-26,4235.0,615.0,4730.0,4765.0,4170.0,1544685.0
2018-10-27,4235.0,615.0,4730.0,4765.0,4170.0,1544685.0
2018-10-28,4235.0,615.0,4730.0,4765.0,4170.0,1544685.0
2018-10-29,4015.0,220.0,4115.0,4335.0,3885.0,729972.0
2018-10-30,4095.0,80.0,3920.0,4140.0,3910.0,416616.0
2018-10-31,4385.0,290.0,4065.0,4450.0,3995.0,620374.0
2018-11-01,4180.0,205.0,4410.0,4455.0,4135.0,342931.0
2018-11-02,4390.0,210.0,4295.0,4425.0,4150.0,357005.0
2018-11-03,4390.0,210.0,4295.0,4425.0,4150.0,357005.0
2018-11-04,4390.0,210.0,4295.0,4425.0,4150.0,357005.0
2018-11-05,4475.0,85.0,4400.0,4630.0,4245.0,575663.0
2018-11-06,4725.0,250.0,4430.0,4870.0,4430.0,1009137.0
2018-11-07,4360.0,365.0,4700.0,4920.0,4200.0,3468225.0
2018-11-08,4415.0,55.0,4500.0,4545.0,4365.0,1912769.0
2018-11-09,4380.0,35.0,4415.0,4460.0,4240.0,589310.0
2018-11-10,4380.0,35.0,4415.0,4460.0,4240.0,589310.0
2018-11-11,4380.0,35.0,4415.0,4460.0,4240.0,589310.0
2018-11-12,4380.0,0.0,4410.0,4450.0,4275.0,320863.0
2018-11-13,4405.0,25.0,4270.0,4470.0,4180.0,360934.0
2018-11-14,4360.0,45.0,4360.0,4430.0,4260.0,215232.0
2018-11-15,4345.0,15.0,4360.0,4385.0,4200.0,162134.0
2018-11-16,4370.0,25.0,4360.0,4385.0,4250.0,182891.0
2018-11-17,4370.0,25.0,4360.0,4385.0,4250.0,182891.0
2018-11-18,4370.0,25.0,4360.0,4385.0,4250.0,182891.0
2018-11-19,4500.0,130.0,4380.0,4530.0,4300.0,264267.0
2018-11-20,4700.0,200.0,4450.0,4700.0,4410.0,877055.0
2018-11-21,4580.0,120.0,4610.0,4700.0,4530.0,314604.0
2018-11-22,4580.0,0.0,4575.0,4640.0,4460.0,294506.0
2018-11-23,4470.0,110.0,4610.0,4610.0,4390.0,212494.0
2018-11-24,4470.0,110.0,4610.0,4610.0,4390.0,212494.0
2018-11-25,4470.0,110.0,4610.0,4610.0,4390.0,212494.0
2018-11-26,4520.0,50.0,4355.0,4550.0,4305.0,267534.0
2018-11-27,4470.0,50.0,4550.0,4560.0,4410.0,101877.0
2018-11-28,4470.0,0.0,4480.0,4535.0,4420.0,197175.0
2018-11-29,4440.0,30.0,4525.0,4525.0,4280.0,183665.0
2018-11-30,4610.0,170.0,4390.0,4670.0,4355.0,330969.0
2018-12-01,4610.0,170.0,4390.0,4670.0,4355.0,330969.0
2018-12-02,4610.0,170.0,4390.0,4670.0,4355.0,330969.0
2018-12-03,5100.0,490.0,4605.0,5130.0,4535.0,1447987.0
2018-12-04,5260.0,160.0,5040.0,5650.0,4960.0,1815067.0
2018-12-05,5480.0,220.0,5110.0,5590.0,5110.0,1181986.0
2018-12-06,5580.0,100.0,5500.0,5600.0,5240.0,728826.0
2018-12-07,5460.0,120.0,5420.0,5640.0,5340.0,419814.0
2018-12-08,5460.0,120.0,5420.0,5640.0,5340.0,419814.0
2018-12-09,5460.0,120.0,5420.0,5640.0,5340.0,419814.0
2018-12-10,5490.0,30.0,5330.0,5770.0,5290.0,882258.0
2018-12-11,5670.0,180.0,5430.0,5750.0,5350.0,565492.0
2018-12-12,5650.0,20.0,5740.0,5850.0,5570.0,652841.0
2018-12-13,5750.0,100.0,5600.0,5870.0,5590.0,476995.0
2018-12-14,5900.0,150.0,5890.0,6100.0,5740.0,997023.0
2018-12-15,5900.0,150.0,5890.0,6100.0,5740.0,997023.0
2018-12-16,5900.0,150.0,5890.0,6100.0,5740.0,997023.0
2018-12-17,5790.0,110.0,6000.0,6020.0,5740.0,398410.0
2018-12-18,5720.0,70.0,5700.0,5770.0,5500.0,469159.0
2018-12-19,5710.0,10.0,5720.0,5760.0,5440.0,313893.0
2018-12-20,5550.0,160.0,5610.0,5730.0,5490.0,311464.0
2018-12-21,5370.0,180.0,5430.0,5570.0,5270.0,735092.0
2018-12-22,5370.0,180.0,5430.0,5570.0,5270.0,735092.0
2018-12-23,5370.0,180.0,5430.0,5570.0,5270.0,735092.0
2018-12-24,5300.0,70.0,5340.0,5410.0,5150.0,301260.0
2018-12-25,5300.0,70.0,5340.0,5410.0,5150.0,301260.0
2018-12-26,5250.0,50.0,5150.0,5360.0,5150.0,238664.0
2018-12-27,5200.0,50.0,5270.0,5450.0,5200.0,221026.0
2018-12-28,5280.0,80.0,5300.0,5380.0,5150.0,178589.0
2018-12-29,5280.0,80.0,5300.0,5380.0,5150.0,178589.0
2018-12-30,5280.0,80.0,5300.0,5380.0,5150.0,178589.0
2018-12-31,5280.0,80.0,5300.0,5380.0,5150.0,178589.0
2019-01-01,5280.0,80.0,5300.0,5380.0,5150.0,178589.0
2019-01-02,5100.0,180.0,5350.0,5370.0,4990.0,218883.0
2019-01-03,5210.0,110.0,5110.0,5380.0,5000.0,335474.0
2019-01-04,5300.0,90.0,5220.0,5350.0,5010.0,201456.0
2019-01-05,5300.0,90.0,5220.0,5350.0,5010.0,201456.0
2019-01-06,5300.0,90.0,5220.0,5350.0,5010.0,201456.0
2019-01-07,5330.0,30.0,5500.0,5500.0,5220.0,235736.0
2019-01-08,5220.0,110.0,5350.0,5380.0,5020.0,327578.0
2019-01-09,5240.0,20.0,5200.0,5280.0,5130.0,124303.0
2019-01-10,5200.0,40.0,5280.0,5310.0,5080.0,142207.0
2019-01-11,5510.0,310.0,5130.0,5610.0,5130.0,414488.0
2019-01-12,5510.0,310.0,5130.0,5610.0,5130.0,414488.0
2019-01-13,5510.0,310.0,5130.0,5610.0,5130.0,414488.0
2019-01-14,5590.0,80.0,5510.0,5690.0,5410.0,279868.0
2019-01-15,5680.0,90.0,5590.0,5750.0,5490.0,254341.0
2019-01-16,5620.0,60.0,5780.0,5780.0,5510.0,218554.0
2019-01-17,5640.0,20.0,5620.0,5740.0,5500.0,200254.0
2019-01-18,5650.0,10.0,5640.0,5710.0,5540.0,91993.0
2019-01-19,5650.0,10.0,5640.0,5710.0,5540.0,91993.0
2019-01-20,5650.0,10.0,5640.0,5710.0,5540.0,91993.0
2019-01-21,5780.0,130.0,5650.0,6040.0,5590.0,837190.0
2019-01-22,5780.0,0.0,5780.0,5820.0,5650.0,127828.0
2019-01-23,5810.0,30.0,5720.0,5900.0,5710.0,95191.0
2019-01-24,5960.0,150.0,5810.0,5980.0,5710.0,192689.0
2019-01-25,6230.0,270.0,6040.0,6310.0,6010.0,656131.0
2019-01-26,6230.0,270.0,6040.0,6310.0,6010.0,656131.0
2019-01-27,6230.0,270.0,6040.0,6310.0,6010.0,656131.0
2019-01-28,6460.0,230.0,6300.0,6640.0,6280.0,797996.0
2019-01-29,6740.0,280.0,6600.0,6750.0,6410.0,775431.0
2019-01-30,6860.0,120.0,6780.0,6860.0,6590.0,288473.0
2019-01-31,5560.0,1300.0,5900.0,6000.0,5320.0,5088833.0
2019-02-01,5250.0,310.0,5590.0,5600.0,5070.0,2213981.0
2019-02-02,5250.0,310.0,5590.0,5600.0,5070.0,2213981.0
2019-02-03,5250.0,310.0,5590.0,5600.0,5070.0,2213981.0
2019-02-04,5250.0,310.0,5590.0,5600.0,5070.0,2213981.0
2019-02-05,5250.0,310.0,5590.0,5600.0,5070.0,2213981.0
2019-02-06,5250.0,310.0,5590.0,5600.0,5070.0,2213981.0
2019-02-07,5340.0,90.0,5340.0,5500.0,5270.0,1016318.0
2019-02-08,5580.0,240.0,5420.0,5590.0,5370.0,532050.0
2019-02-09,5580.0,240.0,5420.0,5590.0,5370.0,532050.0
2019-02-10,5580.0,240.0,5420.0,5590.0,5370.0,532050.0
2019-02-11,5390.0,190.0,5600.0,5630.0,5340.0,414251.0
2019-02-12,5390.0,0.0,5310.0,5530.0,5250.0,485148.0
2019-02-13,5050.0,340.0,5380.0,5390.0,5020.0,774023.0
2019-02-14,4800.0,250.0,5040.0,5040.0,4705.0,943971.0
2019-02-15,4600.0,200.0,4790.0,4790.0,4495.0,931067.0
2019-02-16,4600.0,200.0,4790.0,4790.0,4495.0,931067.0
2019-02-17,4600.0,200.0,4790.0,4790.0,4495.0,931067.0
2019-02-18,4615.0,15.0,4650.0,4670.0,4495.0,435047.0
2019-02-19,4885.0,270.0,4615.0,4950.0,4605.0,622956.0
2019-02-20,4900.0,15.0,4900.0,5010.0,4795.0,348315.0
2019-02-21,4940.0,40.0,4980.0,4980.0,4835.0,224501.0
2019-02-22,4855.0,85.0,4940.0,4955.0,4740.0,359050.0
2019-02-23,4855.0,85.0,4940.0,4955.0,4740.0,359050.0
2019-02-24,4855.0,85.0,4940.0,4955.0,4740.0,359050.0
2019-02-25,4945.0,90.0,4780.0,4960.0,4780.0,209301.0
2019-02-26,4915.0,30.0,4985.0,4990.0,4880.0,189116.0
2019-02-27,4825.0,90.0,4915.0,4980.0,4795.0,164013.0
2019-02-28,4695.0,130.0,4865.0,4865.0,4685.0,188686.0
2019-03-01,4695.0,130.0,4865.0,4865.0,4685.0,188686.0
2019-03-02,4695.0,130.0,4865.0,4865.0,4685.0,188686.0
2019-03-03,4695.0,130.0,4865.0,4865.0,4685.0,188686.0
2019-03-04,4840.0,145.0,4690.0,4925.0,4690.0,339902.0
2019-03-05,4835.0,5.0,4885.0,4885.0,4770.0,100611.0
2019-03-06,4865.0,30.0,4835.0,4920.0,4815.0,129711.0
2019-03-07,4810.0,55.0,4900.0,4900.0,4785.0,175227.0
2019-03-08,4700.0,110.0,4810.0,4825.0,4650.0,187454.0
2019-03-09,4700.0,110.0,4810.0,4825.0,4650.0,187454.0
2019-03-10,4700.0,110.0,4810.0,4825.0,4650.0,187454.0
2019-03-11,4650.0,50.0,4700.0,4740.0,4580.0,113372.0
2019-03-12,4725.0,75.0,4650.0,4775.0,4650.0,74408.0
2019-03-13,4890.0,165.0,4795.0,4920.0,4725.0,209626.0
2019-03-14,4865.0,25.0,4940.0,4940.0,4835.0,142841.0
2019-03-15,4790.0,75.0,4915.0,4930.0,4790.0,144939.0
2019-03-16,4790.0,75.0,4915.0,4930.0,4790.0,144939.0
2019-03-17,4790.0,75.0,4915.0,4930.0,4790.0,144939.0
2019-03-18,5070.0,280.0,4810.0,5090.0,4810.0,438003.0
2019-03-19,5070.0,0.0,5060.0,5150.0,5020.0,256692.0
2019-03-20,5090.0,20.0,5080.0,5100.0,4965.0,218782.0
2019-03-21,5040.0,50.0,5100.0,5150.0,4900.0,246194.0
2019-03-22,4975.0,65.0,5080.0,5080.0,4865.0,181166.0
2019-03-23,4975.0,65.0,5080.0,5080.0,4865.0,181166.0
2019-03-24,4975.0,65.0,5080.0,5080.0,4865.0,181166.0
2019-03-25,4800.0,175.0,4850.0,5040.0,4770.0,208853.0
2019-03-26,4810.0,10.0,4920.0,4920.0,4760.0,56558.0
2019-03-27,4715.0,95.0,4810.0,4900.0,4650.0,97813.0
2019-03-28,4650.0,65.0,4725.0,4725.0,4595.0,148211.0
2019-03-29,4780.0,130.0,4735.0,4785.0,4610.0,63169.0
2019-03-30,4780.0,130.0,4735.0,4785.0,4610.0,63169.0
2019-03-31,4780.0,130.0,4735.0,4785.0,4610.0,63169.0
2019-04-01,4895.0,115.0,4830.0,5000.0,4830.0,89881.0
2019-04-02,4810.0,85.0,4900.0,4930.0,4750.0,156621.0
2019-04-03,4820.0,10.0,4810.0,4855.0,4730.0,52398.0
2019-04-04,4815.0,5.0,4870.0,4870.0,4750.0,87109.0
2019-04-05,4800.0,15.0,4780.0,4840.0,4725.0,136132.0
2019-04-06,4800.0,15.0,4780.0,4840.0,4725.0,136132.0
2019-04-07,4800.0,15.0,4780.0,4840.0,4725.0,136132.0
2019-04-08,4695.0,105.0,4850.0,4850.0,4670.0,186518.0
2019-04-09,4700.0,5.0,4695.0,4725.0,4655.0,118551.0
2019-04-10,4670.0,30.0,4695.0,4720.0,4630.0,97270.0
2019-04-11,4745.0,75.0,4700.0,4810.0,4660.0,229446.0
2019-04-12,4700.0,45.0,4720.0,4765.0,4670.0,191372.0
2019-04-13,4700.0,45.0,4720.0,4765.0,4670.0,191372.0
2019-04-14,4700.0,45.0,4720.0,4765.0,4670.0,191372.0
2019-04-15,4735.0,35.0,4700.0,4800.0,4685.0,153003.0
2019-04-16,4600.0,135.0,4715.0,4740.0,4555.0,316849.0
2019-04-17,4260.0,340.0,4585.0,4600.0,4130.0,1494896.0
2019-04-18,4270.0,10.0,4280.0,4360.0,4190.0,372616.0
2019-04-19,4240.0,30.0,4320.0,4375.0,4225.0,165824.0
2019-04-20,4240.0,30.0,4320.0,4375.0,4225.0,165824.0
2019-04-21,4240.0,30.0,4320.0,4375.0,4225.0,165824.0
2019-04-22,4165.0,75.0,4295.0,4295.0,4100.0,221154.0
2019-04-23,4165.0,0.0,4125.0,4280.0,4125.0,214856.0
2019-04-24,4090.0,75.0,4165.0,4225.0,4070.0,182082.0
2019-04-25,3905.0,185.0,4125.0,4125.0,3900.0,354170.0
2019-04-26,3910.0,5.0,3900.0,4025.0,3890.0,123509.0
2019-04-27,3910.0,5.0,3900.0,4025.0,3890.0,123509.0
2019-04-28,3910.0,5.0,3900.0,4025.0,3890.0,123509.0
2019-04-29,3990.0,80.0,3905.0,4025.0,3905.0,91440.0
2019-04-30,3975.0,15.0,3990.0,3990.0,3930.0,69787.0
2019-05-01,3975.0,15.0,3990.0,3990.0,3930.0,69787.0
2019-05-02,4070.0,95.0,3975.0,4140.0,3955.0,176785.0
2019-05-03,4075.0,5.0,4040.0,4090.0,4035.0,59775.0
2019-05-04,4075.0,5.0,4040.0,4090.0,4035.0,59775.0
2019-05-05,4075.0,5.0,4040.0,4090.0,4035.0,59775.0
2019-05-06,4075.0,5.0,4040.0,4090.0,4035.0,59775.0
2019-05-07,4010.0,65.0,4050.0,4070.0,3925.0,54643.0
2019-05-08,4010.0,0.0,3945.0,4055.0,3945.0,67034.0
2019-05-09,3885.0,125.0,3980.0,4000.0,3835.0,176640.0
2019-05-10,3865.0,20.0,3905.0,3990.0,3770.0,197464.0
2019-05-11,3865.0,20.0,3905.0,3990.0,3770.0,197464.0
2019-05-12,3865.0,20.0,3905.0,3990.0,3770.0,197464.0
2019-05-13,3760.0,105.0,3865.0,3925.0,3740.0,91940.0
2019-05-14,3685.0,75.0,3725.0,3750.0,3600.0,242522.0
2019-05-15,4020.0,335.0,3635.0,4195.0,3635.0,221881.0
2019-05-16,4240.0,220.0,3930.0,4280.0,3930.0,877099.0
2019-05-17,3900.0,340.0,4155.0,4210.0,3865.0,657625.0
2019-05-18,3900.0,340.0,4155.0,4210.0,3865.0,657625.0
2019-05-19,3900.0,340.0,4155.0,4210.0,3865.0,657625.0
2019-05-20,4220.0,320.0,3900.0,4265.0,3850.0,803623.0
2019-05-21,4165.0,55.0,4200.0,4300.0,4095.0,223082.0
2019-05-22,4190.0,25.0,4280.0,4285.0,4105.0,105263.0
2019-05-23,4010.0,180.0,4115.0,4150.0,3850.0,368743.0
2019-05-24,3860.0,150.0,3995.0,3995.0,3760.0,226096.0
2019-05-25,3860.0,150.0,3995.0,3995.0,3760.0,226096.0
2019-05-26,3860.0,150.0,3995.0,3995.0,3760.0,226096.0
2019-05-27,3765.0,95.0,3940.0,3940.0,3700.0,146536.0
2019-05-28,3835.0,70.0,3770.0,3895.0,3770.0,70318.0
2019-05-29,3725.0,110.0,3815.0,3815.0,3705.0,123072.0
2019-05-30,3725.0,0.0,3680.0,3735.0,3655.0,114374.0
2019-05-31,3770.0,45.0,3650.0,3785.0,3650.0,60429.0
2019-06-01,3770.0,45.0,3650.0,3785.0,3650.0,60429.0
2019-06-02,3770.0,45.0,3650.0,3785.0,3650.0,60429.0
2019-06-03,3755.0,15.0,3770.0,3770.0,3625.0,97755.0
2019-06-04,3740.0,15.0,3715.0,3800.0,3710.0,71418.0
2019-06-05,3770.0,30.0,3820.0,3820.0,3735.0,46204.0
2019-06-06,3770.0,30.0,3820.0,3820.0,3735.0,46204.0
2019-06-07,3850.0,80.0,3720.0,3865.0,3710.0,86486.0
2019-06-08,3850.0,80.0,3720.0,3865.0,3710.0,86486.0
2019-06-09,3850.0,80.0,3720.0,3865.0,3710.0,86486.0
2019-06-10,3860.0,10.0,3900.0,3900.0,3830.0,61107.0
2019-06-11,3950.0,90.0,3860.0,3960.0,3830.0,97107.0
2019-06-12,3980.0,30.0,3990.0,4045.0,3925.0,123491.0
2019-06-13,3980.0,0.0,4020.0,4020.0,3920.0,43100.0
2019-06-14,3950.0,30.0,3980.0,3995.0,3930.0,56013.0
2019-06-15,3950.0,30.0,3980.0,3995.0,3930.0,56013.0
2019-06-16,3950.0,30.0,3980.0,3995.0,3930.0,56013.0
2019-06-17,3970.0,20.0,3950.0,4010.0,3900.0,54007.0
2019-06-18,3950.0,20.0,3950.0,4000.0,3880.0,78440.0
2019-06-19,3930.0,20.0,3960.0,3985.0,3900.0,88591.0
2019-06-20,3900.0,30.0,3930.0,3985.0,3855.0,138845.0
2019-06-21,3885.0,15.0,3920.0,3920.0,3850.0,68553.0
2019-06-22,3885.0,15.0,3920.0,3920.0,3850.0,68553.0
2019-06-23,3885.0,15.0,3920.0,3920.0,3850.0,68553.0
2019-06-24,3970.0,85.0,3850.0,4140.0,3850.0,220510.0
2019-06-25,3900.0,70.0,3970.0,4025.0,3825.0,131036.0
2019-06-26,3815.0,85.0,3900.0,3910.0,3810.0,150032.0
2019-06-27,3785.0,30.0,3910.0,3910.0,3735.0,130008.0
2019-06-28,3725.0,60.0,3845.0,3845.0,3675.0,133666.0
2019-06-29,3725.0,60.0,3845.0,3845.0,3675.0,133666.0
2019-06-30,3725.0,60.0,3845.0,3845.0,3675.0,133666.0
2019-07-01,3830.0,105.0,3700.0,3885.0,3700.0,85054.0
2019-07-02,3760.0,70.0,3880.0,3895.0,3710.0,87159.0
2019-07-03,3760.0,0.0,3760.0,3810.0,3710.0,54497.0
2019-07-04,3655.0,105.0,3730.0,3765.0,3620.0,145021.0
2019-07-05,3625.0,30.0,3730.0,3730.0,3575.0,154144.0
2019-07-06,3625.0,30.0,3730.0,3730.0,3575.0,154144.0
2019-07-07,3625.0,30.0,3730.0,3730.0,3575.0,154144.0
2019-07-08,3460.0,165.0,3620.0,3620.0,3430.0,164281.0
2019-07-09,3365.0,95.0,3460.0,3480.0,3300.0,165938.0
2019-07-10,3420.0,55.0,3435.0,3440.0,3340.0,68936.0
2019-07-11,3480.0,60.0,3450.0,3510.0,3420.0,62269.0
2019-07-12,3540.0,60.0,3460.0,3565.0,3440.0,75097.0
2019-07-13,3540.0,60.0,3460.0,3565.0,3440.0,75097.0
2019-07-14,3540.0,60.0,3460.0,3565.0,3440.0,75097.0
2019-07-15,3420.0,120.0,3580.0,3580.0,3365.0,94780.0
2019-07-16,3420.0,0.0,3430.0,3480.0,3375.0,51231.0
2019-07-17,3385.0,35.0,3405.0,3430.0,3335.0,59866.0
2019-07-18,3400.0,15.0,3365.0,3440.0,3325.0,71086.0
2019-07-19,3415.0,15.0,3370.0,3435.0,3370.0,23243.0
2019-07-20,3415.0,15.0,3370.0,3435.0,3370.0,23243.0
2019-07-21,3415.0,15.0,3370.0,3435.0,3370.0,23243.0
2019-07-22,3445.0,30.0,3440.0,3470.0,3410.0,33054.0
2019-07-23,3425.0,20.0,3445.0,3465.0,3400.0,59668.0
2019-07-24,3400.0,25.0,3390.0,3435.0,3350.0,73294.0
2019-07-25,3260.0,140.0,3400.0,3400.0,3165.0,107430.0
2019-07-26,3235.0,25.0,3260.0,3260.0,3175.0,45823.0
2019-07-27,3235.0,25.0,3260.0,3260.0,3175.0,45823.0
2019-07-28,3235.0,25.0,3260.0,3260.0,3175.0,45823.0
2019-07-29,3095.0,140.0,3290.0,3300.0,3035.0,98009.0
2019-07-30,3090.0,5.0,3095.0,3180.0,3045.0,140886.0
2019-07-31,3125.0,35.0,3140.0,3145.0,2995.0,167028.0
2019-08-01,3100.0,25.0,3120.0,3175.0,3060.0,100769.0
2019-08-02,3070.0,30.0,3100.0,3135.0,3010.0,50409.0
2019-08-03,3070.0,30.0,3100.0,3135.0,3010.0,50409.0
2019-08-04,3070.0,30.0,3100.0,3135.0,3010.0,50409.0
2019-08-05,2870.0,200.0,3135.0,3135.0,2780.0,235031.0
2019-08-06,2700.0,170.0,2770.0,2865.0,2605.0,146106.0
2019-08-07,2800.0,100.0,2775.0,2815.0,2705.0,68472.0
2019-08-08,2860.0,60.0,2795.0,2880.0,2795.0,82501.0
2019-08-09,2980.0,120.0,2900.0,2990.0,2875.0,55902.0
2019-08-10,2980.0,120.0,2900.0,2990.0,2875.0,55902.0
2019-08-11,2980.0,120.0,2900.0,2990.0,2875.0,55902.0
2019-08-12,3000.0,20.0,2935.0,3095.0,2935.0,65495.0
2019-08-13,2890.0,110.0,2980.0,2995.0,2885.0,68044.0
2019-08-14,2940.0,50.0,2895.0,2950.0,2855.0,143183.0
2019-08-15,2940.0,50.0,2895.0,2950.0,2855.0,143183.0
2019-08-16,2890.0,50.0,2900.0,2935.0,2830.0,108626.0
2019-08-17,2890.0,50.0,2900.0,2935.0,2830.0,108626.0
2019-08-18,2890.0,50.0,2900.0,2935.0,2830.0,108626.0
2019-08-19,2995.0,105.0,2860.0,3060.0,2860.0,121713.0
2019-08-20,3160.0,165.0,3000.0,3290.0,2975.0,253338.0
2019-08-21,3320.0,160.0,3205.0,3385.0,3165.0,244070.0
2019-08-22,3345.0,25.0,3390.0,3395.0,3260.0,191445.0
2019-08-23,3265.0,80.0,3345.0,3390.0,3245.0,119431.0
2019-08-24,3265.0,80.0,3345.0,3390.0,3245.0,119431.0
2019-08-25,3265.0,80.0,3345.0,3390.0,3245.0,119431.0
2019-08-26,3135.0,130.0,3195.0,3215.0,3125.0,112365.0
2019-08-27,3160.0,25.0,3140.0,3225.0,3120.0,52631.0
2019-08-28,3120.0,40.0,3155.0,3160.0,3080.0,34628.0
2019-08-29,3200.0,80.0,3125.0,3225.0,3095.0,57654.0
2019-08-30,3320.0,120.0,3210.0,3355.0,3210.0,91743.0
2019-08-31,3320.0,120.0,3210.0,3355.0,3210.0,91743.0
2019-09-01,3320.0,120.0,3210.0,3355.0,3210.0,91743.0
2019-09-02,3315.0,5.0,3320.0,3360.0,3255.0,48636.0
2019-09-03,3375.0,60.0,3315.0,3380.0,3285.0,52857.0
2019-09-04,3385.0,10.0,3380.0,3475.0,3360.0,84474.0
2019-09-05,3470.0,85.0,3455.0,3480.0,3380.0,115271.0
2019-09-06,3490.0,20.0,3490.0,3575.0,3420.0,86707.0
2019-09-07,3490.0,20.0,3490.0,3575.0,3420.0,86707.0
2019-09-08,3490.0,20.0,3490.0,3575.0,3420.0,86707.0
2019-09-09,3380.0,110.0,3545.0,3545.0,3330.0,91109.0
2019-09-10,3430.0,50.0,3380.0,3465.0,3380.0,63610.0
2019-09-11,3410.0,20.0,3470.0,3470.0,3410.0,53699.0
2019-09-12,3410.0,20.0,3470.0,3470.0,3410.0,53699.0
2019-09-13,3410.0,20.0,3470.0,3470.0,3410.0,53699.0
2019-09-14,3410.0,20.0,3470.0,3470.0,3410.0,53699.0
2019-09-15,3410.0,20.0,3470.0,3470.0,3410.0,53699.0
2019-09-16,3540.0,130.0,3460.0,3575.0,3450.0,161932.0
2019-09-17,3530.0,10.0,3605.0,3645.0,3505.0,166070.0
2019-09-18,3550.0,20.0,3500.0,3550.0,3420.0,92266.0
2019-09-19,3510.0,40.0,3595.0,3595.0,3490.0,42914.0
2019-09-20,3485.0,25.0,3500.0,3565.0,3415.0,101990.0
2019-09-21,3485.0,25.0,3500.0,3565.0,3415.0,101990.0
2019-09-22,3485.0,25.0,3500.0,3565.0,3415.0,101990.0
2019-09-23,3380.0,105.0,3485.0,3550.0,3290.0,70218.0
2019-09-24,3425.0,45.0,3420.0,3435.0,3350.0,36161.0
2019-09-25,3355.0,70.0,3445.0,3475.0,3315.0,71364.0
